Date,Period,Weather,High Temp (F),Low Temp (F),Real Feel (F),Humidity (%),Executed At
"Sunday, September 27 2026",All day,,89.0,75.0,106.0,57.0,2026-09-12 17:32:24
"Sunday, September 27 2026",All day,,89.0,75.0,106.0,57.0,2026-09-12 19:50:43
"Sunday, September 27 2026",All day,,89.0,75.0,106.0,57.0,2026-09-12 21:49:03
"Sunday, September 27 2026",All day,,89.0,75.0,106.0,57.0,2026-09-12 23:33:35
"Sunday, September 27 2026",All day,,89.0,75.0,106.0,57.0,2026-09-13 01:56:04
"Sunday, September 27 2026",All day,,89.0,75.0,106.0,57.0,2026-09-13 06:58:16
"Sunday, September 27 2026",All day,,89.0,75.0,106.0,57.0,2026-09-13 12:30:22
"Sunday, September 27 2026",All day,,89.0,75.0,106.0,57.0,2026-09-13 16:45:10
"Sunday, September 27 2026",All day,,89.0,75.0,106.0,57.0,2026-09-13 19:05:24
"Sunday, September 27 2026",All day,,89.0,75.0,106.0,57.0,2026-09-13 21:55:39
"Sunday, September 27 2026",All day,,89.0,75.0,106.0,57.0,2026-09-13 23:46:06
"Sunday, September 27 2026",All day,,89.0,75.0,106.0,57.0,2026-09-14 02:17:29
"Sunday, September 27 2026",All day,,89.0,75.0,106.0,57.0,2026-09-14 08:15:22
"Sunday, September 27 2026",All day,,89.0,75.0,106.0,57.0,2026-09-14 15:24:09
"Sunday, September 27 2026",All day,,89.0,75.0,106.0,57.0,2026-09-14 20:01:48
"Sunday, September 27 2026",All day,,89.0,75.0,106.0,57.0,2026-09-14 23:34:54
"Sunday, September 27 2026",All day,,89.0,75.0,106.0,57.0,2026-09-15 02:20:05
"Sunday, September 27 2026",All day,Rain,90.0,78.0,108.0,62.0,2026-09-15 08:08:17
"Sunday, September 27 2026",All day,Rain,90.0,78.0,108.0,62.0,2026-09-15 13:57:58
"Sunday, September 27 2026",All day,Rain,90.0,78.0,108.0,62.0,2026-09-15 17:53:04
"Sunday, September 27 2026",All day,Rain,90.0,78.0,108.0,62.0,2026-09-15 20:37:07
"Sunday, September 27 2026",All day,Rain,90.0,78.0,108.0,62.0,2026-09-15 23:20:06
"Sunday, September 27 2026",All day,Rain,90.0,78.0,108.0,62.0,2026-09-16 02:13:31
"Sunday, September 27 2026",All day,Rain,90.0,76.0,103.0,61.0,2026-09-16 08:01:50
"Sunday, September 27 2026",All day,Rain,90.0,76.0,103.0,61.0,2026-09-16 13:50:48
"Sunday, September 27 2026",All day,Rain,90.0,76.0,103.0,61.0,2026-09-16 17:50:28
"Sunday, September 27 2026",All day,Rain,90.0,76.0,103.0,61.0,2026-09-16 20:36:47
"Sunday, September 27 2026",All day,Rain,90.0,76.0,103.0,61.0,2026-09-16 23:23:01
"Sunday, September 27 2026",All day,Rain,90.0,76.0,103.0,61.0,2026-09-17 02:17:01
"Sunday, September 27 2026",All day,Rain,90.0,76.0,103.0,61.0,2026-09-17 08:08:00
"Sunday, September 27 2026",All day,Rain,90.0,76.0,103.0,61.0,2026-09-17 13:54:41
"Sunday, September 27 2026",All day,Rain,90.0,76.0,103.0,61.0,2026-09-17 17:50:47
"Sunday, September 27 2026",All day,Rain,90.0,76.0,103.0,61.0,2026-09-17 20:43:39
"Sunday, September 27 2026",All day,Rain,90.0,76.0,103.0,61.0,2026-09-17 23:14:56
"Sunday, September 27 2026",All day,Rain,90.0,76.0,103.0,61.0,2026-09-18 02:03:22
"Sunday, September 27 2026",All day,Rain,90.0,76.0,103.0,61.0,2026-09-18 07:43:24
"Sunday, September 27 2026",All day,Rain,90.0,76.0,103.0,61.0,2026-09-18 12:28:10
"Sunday, September 27 2026",All day,Rain,90.0,76.0,105.0,62.0,2026-09-18 16:48:14
"Sunday, September 27 2026",All day,Rain,93.0,77.0,107.0,62.0,2026-09-18 19:18:27
"Sunday, September 27 2026",All day,Rain,93.0,77.0,107.0,62.0,2026-09-18 22:02:52
"Sunday, September 27 2026",All day,Rain,93.0,77.0,107.0,62.0,2026-09-19 00:46:14
"Sunday, September 27 2026",All day,Rain,93.0,77.0,107.0,62.0,2026-09-19 05:16:25
"Sunday, September 27 2026",All day,Rain,90.0,77.0,102.0,73.0,2026-09-19 09:54:55
"Sunday, September 27 2026",All day,Rain,90.0,77.0,102.0,73.0,2026-09-19 13:34:05
"Sunday, September 27 2026",All day,Rain,90.0,77.0,102.0,73.0,2026-09-19 16:53:44
"Sunday, September 27 2026",All day,Rain,92.0,77.0,104.0,73.0,2026-09-19 19:04:22
"Sunday, September 27 2026",All day,Rain,92.0,77.0,104.0,73.0,2026-09-19 21:55:17
"Sunday, September 27 2026",All day,Rain,92.0,77.0,104.0,73.0,2026-09-19 23:46:44
"Sunday, September 27 2026",All day,Rain,92.0,77.0,104.0,73.0,2026-09-20 02:13:26
"Sunday, September 27 2026",All day,Rain,92.0,77.0,104.0,73.0,2026-09-20 08:02:11
"Sunday, September 27 2026",All day,Rain,92.0,77.0,104.0,73.0,2026-09-20 13:18:05
"Sunday, September 27 2026",All day,Rain,92.0,77.0,104.0,73.0,2026-09-20 17:06:49
"Sunday, September 27 2026",All day,Rain,90.0,78.0,101.0,73.0,2026-09-20 19:56:50
"Sunday, September 27 2026",All day,Rain,90.0,78.0,101.0,73.0,2026-09-20 22:03:32
"Sunday, September 27 2026",All day,Rain,90.0,78.0,101.0,73.0,2026-09-21 00:38:36
"Sunday, September 27 2026",All day,Rain,89.6,78.8,100.4,73.0,2026-09-21 05:38:30
"Sunday, September 27 2026",All day,Rain,89.0,77.0,101.0,69.0,2026-09-21 11:22:30
"Sunday, September 27 2026",All day,Rain,89.0,77.0,101.0,69.0,2026-09-21 17:22:31
"Sunday, September 27 2026",All day,Rain,90.0,78.0,102.0,69.0,2026-09-21 21:22:20
"Sunday, September 27 2026",All day,Rain,90.0,78.0,102.0,69.0,2026-09-22 00:23:05
"Sunday, September 27 2026",All day,Rain,90.0,78.0,102.0,69.0,2026-09-22 05:35:52
"Sunday, September 27 2026",All day,Rain,90.0,77.0,104.0,91.0,2026-09-22 10:32:15
"Sunday, September 27 2026",All day,Rain,90.0,77.0,104.0,91.0,2026-09-22 15:15:03
"Sunday, September 27 2026",All day,Rain,91.0,77.0,105.0,91.0,2026-09-22 19:22:27
"Sunday, September 27 2026",All day,Rain,91.0,77.0,105.0,91.0,2026-09-22 22:30:38
"Sunday, September 27 2026",All day,Rain,91.0,77.0,105.0,91.0,2026-09-23 01:02:38
"Sunday, September 27 2026",All day,Rain,91.0,77.0,105.0,91.0,2026-09-23 06:56:12
"Sunday, September 27 2026",All day,"Rain, Cloudy",90.0,78.0,106.0,97.0,2026-09-23 12:29:21
"Sunday, September 27 2026",All day,"Rain, Cloudy",90.0,78.0,106.0,97.0,2026-09-23 17:34:00
"Sunday, September 27 2026",All day,"Rain, Cloudy",91.0,78.0,107.0,97.0,2026-09-23 20:49:31
"Sunday, September 27 2026",All day,"Rain, Cloudy",91.0,78.0,107.0,97.0,2026-09-23 23:19:06
"Sunday, September 27 2026",All day,"Rain, Cloudy",91.0,78.0,107.0,97.0,2026-09-24 02:05:29
"Sunday, September 27 2026",All day,"Rain, Cloudy",91.0,77.0,104.0,96.0,2026-09-24 07:55:56
"Sunday, September 27 2026",All day,"Rain, Cloudy",91.0,77.0,104.0,96.0,2026-09-24 13:00:43
"Sunday, September 27 2026",All day,"Rain, Cloudy",91.0,77.0,104.0,96.0,2026-09-24 17:47:19
"Sunday, September 27 2026",All day,"Rain, Cloudy",91.0,77.0,104.0,96.0,2026-09-24 20:55:41
"Sunday, September 27 2026",All day,"Rain, Cloudy",91.0,77.0,104.0,96.0,2026-09-24 23:39:57
"Sunday, September 27 2026",All day,"Rain, Cloudy",91.0,77.0,104.0,96.0,2026-09-25 02:22:47
"Sunday, September 27 2026",All day,"Rain, Cloudy",91.0,78.0,106.0,95.0,2026-09-25 08:19:21
"Sunday, September 27 2026",All day,"Rain, Cloudy",91.0,78.0,106.0,95.0,2026-09-25 14:17:49
"Sunday, September 27 2026",All day,"Rain, Cloudy",91.0,77.0,104.0,95.0,2026-09-25 19:01:50
"Sunday, September 27 2026",All day,"Rain, Cloudy",91.0,77.0,104.0,95.0,2026-09-25 22:56:36
"Sunday, September 27 2026",All day,"Rain, Cloudy",91.0,77.0,104.0,95.0,2026-09-26 01:04:21
"Sunday, September 27 2026",All day,"Rain, Cloudy",91.0,77.0,104.0,95.0,2026-09-26 06:49:25
"Sunday, September 27 2026",All day,Rain,91.0,77.0,102.0,91.0,2026-09-26 11:56:53
"Sunday, September 27 2026",All day,Rain,91.0,77.0,102.0,91.0,2026-09-26 15:22:57
"Sunday, September 27 2026",All day,Rain,91.0,77.0,103.0,91.0,2026-09-26 18:50:00
"Sunday, September 27 2026",All day,Rain,91.0,77.0,103.0,91.0,2026-09-26 21:42:54
"Sunday, September 27 2026",All day,Rain,91.0,77.0,103.0,91.0,2026-09-27 00:02:12
"Sunday, September 27 2026",Afternoon,"Rain, Drizzle, Cloudy",91.0,77.0,106.0,70.0,2026-09-27 05:58:31
"Sunday, September 27 2026",Afternoon,"Rain, Drizzle, Cloudy",91.0,77.0,106.0,85.0,2026-09-27 11:14:06
"Sunday, September 27 2026",Evening,"Thunderstorm, Rain, Cloudy",91.0,77.0,86.0,96.0,2026-09-27 15:58:46
"Monday, September 28 2026",Afternoon,"Thunderstorm, Rain",89.0,76.0,104.0,65.0,2026-09-13 19:05:24
"Monday, September 28 2026",Afternoon,"Thunderstorm, Rain",89.0,76.0,104.0,65.0,2026-09-13 21:55:39
"Monday, September 28 2026",Afternoon,"Thunderstorm, Rain",89.0,76.0,104.0,65.0,2026-09-13 23:46:06
"Monday, September 28 2026",Afternoon,"Thunderstorm, Rain",89.0,76.0,104.0,65.0,2026-09-14 02:17:29
"Monday, September 28 2026",Afternoon,"Thunderstorm, Rain",89.0,76.0,104.0,65.0,2026-09-14 08:15:22
"Monday, September 28 2026",Afternoon,"Thunderstorm, Rain",89.0,76.0,104.0,65.0,2026-09-14 15:24:09
"Monday, September 28 2026",Afternoon,"Thunderstorm, Rain",89.0,76.0,104.0,65.0,2026-09-14 20:01:48
"Monday, September 28 2026",Afternoon,"Thunderstorm, Rain",89.0,76.0,104.0,65.0,2026-09-14 23:34:54
"Monday, September 28 2026",Afternoon,"Thunderstorm, Rain",89.0,76.0,104.0,65.0,2026-09-15 02:20:05
"Monday, September 28 2026",Afternoon,"Thunderstorm, Rain",89.0,76.0,104.0,65.0,2026-09-15 08:08:17
"Monday, September 28 2026",Afternoon,"Thunderstorm, Rain",89.0,76.0,104.0,65.0,2026-09-15 13:57:58
"Monday, September 28 2026",Afternoon,"Thunderstorm, Rain",89.0,76.0,104.0,65.0,2026-09-15 17:53:04
"Monday, September 28 2026",Afternoon,"Thunderstorm, Rain",89.0,76.0,104.0,65.0,2026-09-15 20:37:07
"Monday, September 28 2026",Afternoon,"Thunderstorm, Rain",89.0,76.0,104.0,65.0,2026-09-15 23:20:06
"Monday, September 28 2026",Afternoon,"Thunderstorm, Rain",89.0,76.0,104.0,65.0,2026-09-16 02:13:31
"Monday, September 28 2026",All day,Rain,91.0,77.0,105.0,76.0,2026-09-16 08:01:50
"Monday, September 28 2026",All day,Rain,91.0,77.0,105.0,76.0,2026-09-16 13:50:48
"Monday, September 28 2026",All day,Rain,91.0,77.0,105.0,76.0,2026-09-16 17:50:28
"Monday, September 28 2026",All day,Rain,91.0,77.0,105.0,76.0,2026-09-16 20:36:47
"Monday, September 28 2026",All day,Rain,91.0,77.0,105.0,76.0,2026-09-16 23:23:01
"Monday, September 28 2026",All day,Rain,91.0,77.0,105.0,76.0,2026-09-17 02:17:01
"Monday, September 28 2026",All day,Rain,91.0,77.0,105.0,76.0,2026-09-17 08:08:00
"Monday, September 28 2026",All day,Rain,91.0,77.0,105.0,76.0,2026-09-17 13:54:41
"Monday, September 28 2026",All day,Rain,91.0,77.0,105.0,76.0,2026-09-17 17:50:47
"Monday, September 28 2026",All day,Rain,91.0,77.0,105.0,76.0,2026-09-17 20:43:39
"Monday, September 28 2026",All day,Rain,91.0,77.0,105.0,76.0,2026-09-17 23:14:56
"Monday, September 28 2026",All day,Rain,91.0,77.0,105.0,76.0,2026-09-18 02:03:22
"Monday, September 28 2026",All day,Rain,91.0,77.0,105.0,76.0,2026-09-18 07:43:24
"Monday, September 28 2026",All day,Rain,91.0,77.0,105.0,76.0,2026-09-18 12:28:10
"Monday, September 28 2026",All day,Rain,91.0,77.0,105.0,76.0,2026-09-18 16:48:14
"Monday, September 28 2026",All day,Rain,91.0,77.0,105.0,76.0,2026-09-18 19:18:27
"Monday, September 28 2026",All day,Rain,91.0,77.0,105.0,76.0,2026-09-18 22:02:52
"Monday, September 28 2026",All day,Rain,91.0,77.0,105.0,76.0,2026-09-19 00:46:14
"Monday, September 28 2026",All day,Rain,91.0,77.0,105.0,76.0,2026-09-19 05:16:25
"Monday, September 28 2026",All day,Rain,91.0,77.0,105.0,76.0,2026-09-19 09:54:55
"Monday, September 28 2026",All day,Rain,90.0,77.0,98.0,75.0,2026-09-19 13:34:05
"Monday, September 28 2026",All day,Rain,90.0,77.0,98.0,75.0,2026-09-19 16:53:44
"Monday, September 28 2026",All day,Rain,92.0,77.0,99.0,75.0,2026-09-19 19:04:22
"Monday, September 28 2026",All day,Rain,92.0,77.0,99.0,75.0,2026-09-19 21:55:17
"Monday, September 28 2026",All day,Rain,92.0,77.0,99.0,75.0,2026-09-19 23:46:44
"Monday, September 28 2026",All day,Rain,92.0,77.0,99.0,75.0,2026-09-20 02:13:26
"Monday, September 28 2026",All day,Rain,92.0,77.0,99.0,75.0,2026-09-20 08:02:11
"Monday, September 28 2026",All day,Rain,92.0,77.0,99.0,75.0,2026-09-20 13:18:05
"Monday, September 28 2026",All day,Rain,92.0,77.0,99.0,75.0,2026-09-20 17:06:49
"Monday, September 28 2026",All day,Rain,92.0,77.0,100.0,75.0,2026-09-20 19:56:50
"Monday, September 28 2026",All day,Rain,92.0,77.0,100.0,75.0,2026-09-20 22:03:32
"Monday, September 28 2026",All day,Rain,92.0,77.0,100.0,75.0,2026-09-21 00:38:36
"Monday, September 28 2026",All day,Rain,91.4,77.0,100.4,75.0,2026-09-21 05:38:30
"Monday, September 28 2026",All day,Rain,92.0,77.0,100.0,75.0,2026-09-21 11:22:30
"Monday, September 28 2026",All day,Rain,92.0,77.0,100.0,75.0,2026-09-21 17:22:31
"Monday, September 28 2026",All day,Rain,92.0,78.0,99.0,75.0,2026-09-21 21:22:20
"Monday, September 28 2026",All day,Rain,92.0,78.0,99.0,75.0,2026-09-22 00:23:05
"Monday, September 28 2026",All day,Rain,92.0,78.0,99.0,75.0,2026-09-22 05:35:52
"Monday, September 28 2026",All day,Rain,92.0,77.0,102.0,60.0,2026-09-22 10:32:15
"Monday, September 28 2026",All day,Rain,92.0,77.0,102.0,60.0,2026-09-22 15:15:03
"Monday, September 28 2026",All day,Rain,92.0,78.0,103.0,60.0,2026-09-22 19:22:27
"Monday, September 28 2026",All day,Rain,92.0,78.0,103.0,60.0,2026-09-22 22:30:38
"Monday, September 28 2026",All day,Rain,92.0,78.0,103.0,60.0,2026-09-23 01:02:38
"Monday, September 28 2026",All day,Rain,92.0,78.0,103.0,60.0,2026-09-23 06:56:12
"Monday, September 28 2026",All day,Rain,91.0,77.0,106.0,91.0,2026-09-23 12:29:21
"Monday, September 28 2026",All day,Rain,91.0,77.0,106.0,91.0,2026-09-23 17:34:00
"Monday, September 28 2026",All day,Rain,91.0,78.0,106.0,91.0,2026-09-23 20:49:31
"Monday, September 28 2026",All day,Rain,91.0,78.0,106.0,91.0,2026-09-23 23:19:06
"Monday, September 28 2026",All day,Rain,91.0,78.0,106.0,91.0,2026-09-24 02:05:29
"Monday, September 28 2026",All day,"Rain, Cloudy",92.0,78.0,106.0,57.0,2026-09-24 07:55:56
"Monday, September 28 2026",All day,"Rain, Cloudy",92.0,78.0,106.0,57.0,2026-09-24 13:00:43
"Monday, September 28 2026",All day,"Rain, Cloudy",92.0,78.0,106.0,57.0,2026-09-24 17:47:19
"Monday, September 28 2026",All day,"Rain, Cloudy",92.0,78.0,108.0,57.0,2026-09-24 20:55:41
"Monday, September 28 2026",All day,"Rain, Cloudy",92.0,78.0,108.0,57.0,2026-09-24 23:39:57
"Monday, September 28 2026",All day,"Rain, Cloudy",92.0,78.0,108.0,57.0,2026-09-25 02:22:47
"Monday, September 28 2026",All day,"Rain, Cloudy",92.0,78.0,108.0,60.0,2026-09-25 08:19:21
"Monday, September 28 2026",All day,"Rain, Cloudy",92.0,78.0,108.0,60.0,2026-09-25 14:17:49
"Monday, September 28 2026",All day,"Rain, Cloudy",92.0,78.0,107.0,60.0,2026-09-25 19:01:50
"Monday, September 28 2026",All day,"Rain, Cloudy",92.0,78.0,107.0,60.0,2026-09-25 22:56:36
"Monday, September 28 2026",All day,"Rain, Cloudy",92.0,78.0,107.0,60.0,2026-09-26 01:04:21
"Monday, September 28 2026",All day,"Rain, Cloudy",92.0,78.0,107.0,60.0,2026-09-26 06:49:25
"Monday, September 28 2026",All day,"Rain, Cloudy",92.0,78.0,105.0,59.0,2026-09-26 11:56:53
"Monday, September 28 2026",All day,"Rain, Cloudy",92.0,78.0,105.0,59.0,2026-09-26 15:22:57
"Monday, September 28 2026",All day,"Rain, Cloudy",93.0,78.0,106.0,60.0,2026-09-26 18:50:00
"Monday, September 28 2026",All day,"Rain, Cloudy",93.0,78.0,106.0,60.0,2026-09-26 21:42:54
"Monday, September 28 2026",All day,"Rain, Cloudy",93.0,78.0,106.0,60.0,2026-09-27 00:02:12
"Monday, September 28 2026",All day,"Rain, Cloudy",93.0,78.0,106.0,60.0,2026-09-27 05:58:31
"Monday, September 28 2026",All day,"Rain, Cloudy",93.0,78.0,106.0,64.0,2026-09-27 11:14:06
"Monday, September 28 2026",All day,"Rain, Cloudy",93.0,78.0,106.0,64.0,2026-09-27 15:58:46
"Monday, September 28 2026",All day,"Rain, Cloudy",93.0,78.0,107.0,65.0,2026-09-27 19:30:50
"Monday, September 28 2026",All day,"Rain, Cloudy",93.0,78.0,107.0,69.0,2026-09-27 22:41:03
"Monday, September 28 2026",All day,"Rain, Cloudy",93.0,78.0,107.0,69.0,2026-09-28 01:17:43
"Monday, September 28 2026",Afternoon,"Rain, Sun",93.0,78.0,110.0,55.0,2026-09-28 07:55:00
"Monday, September 28 2026",Evening,Thunderstorm,93.0,78.0,91.0,55.0,2026-09-28 16:14:00
"Tuesday, September 29 2026",Morning,"Thunderstorm, Rain",87.0,76.0,101.0,65.0,2026-09-14 20:01:48
"Tuesday, September 29 2026",Morning,"Thunderstorm, Rain",87.0,76.0,101.0,65.0,2026-09-14 23:34:54
"Tuesday, September 29 2026",Morning,"Thunderstorm, Rain",87.0,76.0,101.0,65.0,2026-09-15 02:20:05
"Tuesday, September 29 2026",Morning,"Thunderstorm, Rain",87.0,76.0,101.0,65.0,2026-09-15 08:08:17
"Tuesday, September 29 2026",Morning,"Thunderstorm, Rain",87.0,76.0,101.0,65.0,2026-09-15 13:57:58
"Tuesday, September 29 2026",Morning,"Thunderstorm, Rain",87.0,76.0,101.0,65.0,2026-09-15 17:53:04
"Tuesday, September 29 2026",Morning,"Thunderstorm, Rain",87.0,76.0,101.0,65.0,2026-09-15 20:37:07
"Tuesday, September 29 2026",Morning,"Thunderstorm, Rain",87.0,76.0,101.0,65.0,2026-09-15 23:20:06
"Tuesday, September 29 2026",Morning,"Thunderstorm, Rain",87.0,76.0,101.0,65.0,2026-09-16 02:13:31
"Tuesday, September 29 2026",Morning,"Thunderstorm, Rain",87.0,76.0,101.0,65.0,2026-09-16 08:01:50
"Tuesday, September 29 2026",Morning,"Thunderstorm, Rain",87.0,76.0,101.0,65.0,2026-09-16 13:50:48
"Tuesday, September 29 2026",Morning,"Thunderstorm, Rain",87.0,76.0,101.0,65.0,2026-09-16 17:50:28
"Tuesday, September 29 2026",Morning,"Thunderstorm, Rain",87.0,76.0,101.0,65.0,2026-09-16 20:36:47
"Tuesday, September 29 2026",Morning,"Thunderstorm, Rain",87.0,76.0,101.0,65.0,2026-09-16 23:23:01
"Tuesday, September 29 2026",Morning,"Thunderstorm, Rain",87.0,76.0,101.0,65.0,2026-09-17 02:17:01
"Tuesday, September 29 2026",Morning,"Thunderstorm, Rain",87.0,76.0,101.0,65.0,2026-09-17 08:08:00
"Tuesday, September 29 2026",Morning,"Thunderstorm, Rain",87.0,76.0,101.0,65.0,2026-09-17 13:54:41
"Tuesday, September 29 2026",Morning,"Thunderstorm, Rain",87.0,76.0,101.0,65.0,2026-09-17 17:50:47
"Tuesday, September 29 2026",Morning,"Thunderstorm, Rain",87.0,76.0,101.0,65.0,2026-09-17 20:43:39
"Tuesday, September 29 2026",Morning,"Thunderstorm, Rain",87.0,76.0,101.0,65.0,2026-09-17 23:14:56
"Tuesday, September 29 2026",Morning,"Thunderstorm, Rain",87.0,76.0,101.0,65.0,2026-09-18 02:03:22
"Tuesday, September 29 2026",Morning,"Thunderstorm, Rain",87.0,76.0,101.0,65.0,2026-09-18 07:43:24
"Tuesday, September 29 2026",Morning,"Thunderstorm, Rain",87.0,76.0,101.0,65.0,2026-09-18 12:28:10
"Tuesday, September 29 2026",Morning,"Thunderstorm, Rain",87.0,76.0,101.0,65.0,2026-09-18 16:48:14
"Tuesday, September 29 2026",Morning,"Thunderstorm, Rain",87.0,76.0,101.0,65.0,2026-09-18 19:18:27
"Tuesday, September 29 2026",Morning,"Thunderstorm, Rain",87.0,76.0,101.0,65.0,2026-09-18 22:02:52
"Tuesday, September 29 2026",Morning,"Thunderstorm, Rain",87.0,76.0,101.0,65.0,2026-09-19 00:46:14
"Tuesday, September 29 2026",Morning,"Thunderstorm, Rain",87.0,76.0,101.0,65.0,2026-09-19 05:16:25
"Tuesday, September 29 2026",Morning,"Thunderstorm, Rain",87.0,76.0,101.0,65.0,2026-09-19 09:54:55
"Tuesday, September 29 2026",Morning,"Thunderstorm, Rain",87.0,76.0,101.0,65.0,2026-09-19 13:34:05
"Tuesday, September 29 2026",Morning,"Thunderstorm, Rain",87.0,76.0,101.0,65.0,2026-09-19 16:53:44
"Tuesday, September 29 2026",Morning,"Thunderstorm, Rain",87.0,76.0,101.0,65.0,2026-09-19 19:04:22
"Tuesday, September 29 2026",Morning,"Thunderstorm, Rain",87.0,76.0,101.0,65.0,2026-09-19 21:55:17
"Tuesday, September 29 2026",Morning,"Thunderstorm, Rain",87.0,76.0,101.0,65.0,2026-09-19 23:46:44
"Tuesday, September 29 2026",Morning,"Thunderstorm, Rain",87.0,76.0,101.0,65.0,2026-09-20 02:13:26
"Tuesday, September 29 2026",Morning,"Thunderstorm, Rain",87.0,76.0,101.0,65.0,2026-09-20 08:02:11
"Tuesday, September 29 2026",Morning,"Thunderstorm, Rain",87.0,76.0,101.0,65.0,2026-09-20 13:18:05
"Tuesday, September 29 2026",Morning,"Thunderstorm, Rain",87.0,76.0,101.0,65.0,2026-09-20 17:06:49
"Tuesday, September 29 2026",Morning,"Thunderstorm, Rain",94.0,78.0,111.0,65.0,2026-09-20 19:56:50
"Tuesday, September 29 2026",Morning,"Thunderstorm, Rain",94.0,78.0,111.0,65.0,2026-09-20 22:03:32
"Tuesday, September 29 2026",Morning,"Thunderstorm, Rain",94.0,78.0,111.0,65.0,2026-09-21 00:38:36
"Tuesday, September 29 2026",Morning,"Thunderstorm, Rain",95.0,77.0,111.2,65.0,2026-09-21 05:38:30
"Tuesday, September 29 2026",Morning,"Thunderstorm, Rain",94.0,78.0,111.0,65.0,2026-09-21 11:22:30
"Tuesday, September 29 2026",Morning,"Thunderstorm, Rain",94.0,78.0,111.0,65.0,2026-09-21 17:22:31
"Tuesday, September 29 2026",Morning,"Thunderstorm, Rain",95.0,77.0,112.0,65.0,2026-09-21 21:22:20
"Tuesday, September 29 2026",Morning,"Thunderstorm, Rain",95.0,77.0,112.0,65.0,2026-09-22 00:23:05
"Tuesday, September 29 2026",Morning,"Thunderstorm, Rain",95.0,77.0,112.0,65.0,2026-09-22 05:35:52
"Tuesday, September 29 2026",Morning,"Thunderstorm, Cloudy, Sun",95.0,78.0,105.0,40.0,2026-09-22 10:32:15
"Tuesday, September 29 2026",Morning,"Thunderstorm, Cloudy, Sun",95.0,78.0,105.0,40.0,2026-09-22 15:15:03
"Tuesday, September 29 2026",Morning,"Thunderstorm, Cloudy, Sun",95.0,79.0,106.0,40.0,2026-09-22 19:22:27
"Tuesday, September 29 2026",Morning,"Thunderstorm, Cloudy, Sun",95.0,79.0,106.0,40.0,2026-09-22 22:30:38
"Tuesday, September 29 2026",Morning,"Thunderstorm, Cloudy, Sun",95.0,79.0,106.0,40.0,2026-09-23 01:02:38
"Tuesday, September 29 2026",Morning,"Thunderstorm, Cloudy, Sun",95.0,79.0,106.0,40.0,2026-09-23 06:56:12
"Tuesday, September 29 2026",Morning,"Thunderstorm, Cloudy",93.0,78.0,104.0,55.0,2026-09-23 12:29:21
"Tuesday, September 29 2026",Morning,"Thunderstorm, Cloudy",93.0,78.0,104.0,55.0,2026-09-23 17:34:00
"Tuesday, September 29 2026",Morning,"Thunderstorm, Cloudy",95.0,79.0,106.0,55.0,2026-09-23 20:49:31
"Tuesday, September 29 2026",Morning,"Thunderstorm, Cloudy",95.0,79.0,106.0,55.0,2026-09-23 23:19:06
"Tuesday, September 29 2026",Morning,"Thunderstorm, Cloudy",95.0,79.0,106.0,55.0,2026-09-24 02:05:29
"Tuesday, September 29 2026",Morning,"Thunderstorm, Cloudy, Sun",94.0,79.0,109.0,55.0,2026-09-24 07:55:56
"Tuesday, September 29 2026",Morning,"Thunderstorm, Cloudy, Sun",94.0,79.0,109.0,55.0,2026-09-24 13:00:43
"Tuesday, September 29 2026",Morning,"Thunderstorm, Cloudy, Sun",94.0,79.0,109.0,55.0,2026-09-24 17:47:19
"Tuesday, September 29 2026",Morning,"Thunderstorm, Cloudy, Sun",95.0,78.0,111.0,55.0,2026-09-24 20:55:41
"Tuesday, September 29 2026",Morning,"Thunderstorm, Cloudy, Sun",95.0,78.0,111.0,55.0,2026-09-24 23:39:57
"Tuesday, September 29 2026",Morning,"Thunderstorm, Cloudy, Sun",95.0,78.0,111.0,55.0,2026-09-25 02:22:47
"Tuesday, September 29 2026",Morning,"Thunderstorm, Partly Sunny, Sunny",95.0,78.0,111.0,55.0,2026-09-25 08:19:21
"Tuesday, September 29 2026",Morning,"Thunderstorm, Partly Sunny, Sunny",95.0,78.0,111.0,55.0,2026-09-25 14:17:49
"Tuesday, September 29 2026",Morning,"Thunderstorm, Partly Sunny, Sunny",95.0,78.0,112.0,55.0,2026-09-25 19:01:50
"Tuesday, September 29 2026",Morning,"Thunderstorm, Partly Sunny, Sunny",95.0,78.0,112.0,55.0,2026-09-25 22:56:36
"Tuesday, September 29 2026",Morning,"Thunderstorm, Partly Sunny, Sunny",95.0,78.0,112.0,55.0,2026-09-26 01:04:21
"Tuesday, September 29 2026",Morning,"Thunderstorm, Partly Sunny, Sunny",95.0,78.0,112.0,55.0,2026-09-26 06:49:25
"Tuesday, September 29 2026",Morning,"Thunderstorm, Cloudy",94.0,78.0,108.0,70.0,2026-09-26 11:56:53
"Tuesday, September 29 2026",Morning,"Thunderstorm, Cloudy",94.0,78.0,108.0,70.0,2026-09-26 15:22:57
"Tuesday, September 29 2026",Morning,"Thunderstorm, Cloudy",95.0,78.0,109.0,70.0,2026-09-26 18:50:00
"Tuesday, September 29 2026",Morning,"Thunderstorm, Cloudy",95.0,78.0,109.0,70.0,2026-09-26 21:42:54
"Tuesday, September 29 2026",Morning,"Thunderstorm, Cloudy",95.0,78.0,109.0,70.0,2026-09-27 00:02:12
"Tuesday, September 29 2026",Morning,"Thunderstorm, Cloudy",95.0,78.0,109.0,70.0,2026-09-27 05:58:31
"Tuesday, September 29 2026",Morning,"Thunderstorm, Sun",94.0,78.0,111.0,70.0,2026-09-27 11:14:06
"Tuesday, September 29 2026",Morning,"Thunderstorm, Sun",94.0,78.0,111.0,70.0,2026-09-27 15:58:46
"Tuesday, September 29 2026",Morning,"Thunderstorm, Sun",94.0,78.0,111.0,70.0,2026-09-27 19:30:50
"Tuesday, September 29 2026",Morning,"Thunderstorm, Sun",94.0,78.0,111.0,70.0,2026-09-27 22:41:03
"Tuesday, September 29 2026",Morning,"Thunderstorm, Sun",94.0,78.0,111.0,70.0,2026-09-28 01:17:43
"Tuesday, September 29 2026",Morning,"Thunderstorm, Cloudy",93.0,78.0,111.0,40.0,2026-09-28 07:55:00
"Tuesday, September 29 2026",Morning,"Thunderstorm, Cloudy",93.0,78.0,111.0,40.0,2026-09-28 16:14:00
"Tuesday, September 29 2026",Morning,"Thunderstorm, Cloudy",94.0,78.0,112.0,40.0,2026-09-28 22:20:45
"Tuesday, September 29 2026",Morning,"Thunderstorm, Cloudy",94.0,78.0,112.0,40.0,2026-09-29 02:24:00
"Tuesday, September 29 2026",Afternoon,"Rain, Sun",95.0,78.0,113.0,55.0,2026-09-29 09:14:33
"Tuesday, September 29 2026",Evening,"Thunderstorm, Rain, Cloudy",95.0,78.8,89.6,93.0,2026-09-29 16:13:21
"Wednesday, September 30 2026",Morning,"Thunderstorm, Rain, Cloudy",90.0,75.0,105.0,64.0,2026-09-15 17:53:04
"Wednesday, September 30 2026",Morning,"Thunderstorm, Rain, Cloudy",90.0,75.0,105.0,64.0,2026-09-15 20:37:07
"Wednesday, September 30 2026",Morning,"Thunderstorm, Rain, Cloudy",90.0,75.0,105.0,64.0,2026-09-15 23:20:06
"Wednesday, September 30 2026",Morning,"Thunderstorm, Rain, Cloudy",90.0,75.0,105.0,64.0,2026-09-16 02:13:31
"Wednesday, September 30 2026",Afternoon,"Thunderstorm, Cloudy",89.0,76.0,102.0,55.0,2026-09-16 08:01:50
"Wednesday, September 30 2026",Afternoon,"Thunderstorm, Cloudy",89.0,76.0,102.0,55.0,2026-09-16 13:50:48
"Wednesday, September 30 2026",Afternoon,"Thunderstorm, Cloudy",89.0,76.0,102.0,55.0,2026-09-16 17:50:28
"Wednesday, September 30 2026",Afternoon,"Thunderstorm, Cloudy",89.0,76.0,102.0,55.0,2026-09-16 20:36:47
"Wednesday, September 30 2026",Afternoon,"Thunderstorm, Cloudy",89.0,76.0,102.0,55.0,2026-09-16 23:23:01
"Wednesday, September 30 2026",Afternoon,"Thunderstorm, Cloudy",89.0,76.0,102.0,55.0,2026-09-17 02:17:01
"Wednesday, September 30 2026",Afternoon,"Thunderstorm, Cloudy",89.0,76.0,102.0,55.0,2026-09-17 08:08:00
"Wednesday, September 30 2026",Afternoon,"Thunderstorm, Cloudy",89.0,76.0,102.0,55.0,2026-09-17 13:54:41
"Wednesday, September 30 2026",Afternoon,"Thunderstorm, Cloudy",89.0,76.0,102.0,55.0,2026-09-17 17:50:47
"Wednesday, September 30 2026",Afternoon,"Thunderstorm, Cloudy",89.0,76.0,102.0,55.0,2026-09-17 20:43:39
"Wednesday, September 30 2026",Afternoon,"Thunderstorm, Cloudy",89.0,76.0,102.0,55.0,2026-09-17 23:14:56
"Wednesday, September 30 2026",Afternoon,"Thunderstorm, Cloudy",89.0,76.0,102.0,55.0,2026-09-18 02:03:22
"Wednesday, September 30 2026",Afternoon,"Thunderstorm, Cloudy",89.0,76.0,102.0,55.0,2026-09-18 07:43:24
"Wednesday, September 30 2026",Afternoon,"Thunderstorm, Cloudy",89.0,76.0,102.0,55.0,2026-09-18 12:28:10
"Wednesday, September 30 2026",Afternoon,"Thunderstorm, Cloudy",89.0,76.0,102.0,55.0,2026-09-18 16:48:14
"Wednesday, September 30 2026",Afternoon,"Thunderstorm, Cloudy",89.0,76.0,102.0,55.0,2026-09-18 19:18:27
"Wednesday, September 30 2026",Afternoon,"Thunderstorm, Cloudy",89.0,76.0,102.0,55.0,2026-09-18 22:02:52
"Wednesday, September 30 2026",Afternoon,"Thunderstorm, Cloudy",89.0,76.0,102.0,55.0,2026-09-19 00:46:14
"Wednesday, September 30 2026",Afternoon,"Thunderstorm, Cloudy",89.0,76.0,102.0,55.0,2026-09-19 05:16:25
"Wednesday, September 30 2026",Afternoon,"Thunderstorm, Cloudy",89.0,76.0,102.0,55.0,2026-09-19 09:54:55
"Wednesday, September 30 2026",Afternoon,"Thunderstorm, Cloudy",89.0,76.0,102.0,55.0,2026-09-19 13:34:05
"Wednesday, September 30 2026",Afternoon,"Thunderstorm, Cloudy",89.0,76.0,102.0,55.0,2026-09-19 16:53:44
"Wednesday, September 30 2026",Afternoon,"Thunderstorm, Cloudy",89.0,76.0,102.0,55.0,2026-09-19 19:04:22
"Wednesday, September 30 2026",Afternoon,"Thunderstorm, Cloudy",89.0,76.0,102.0,55.0,2026-09-19 21:55:17
"Wednesday, September 30 2026",Afternoon,"Thunderstorm, Cloudy",89.0,76.0,102.0,55.0,2026-09-19 23:46:44
"Wednesday, September 30 2026",Afternoon,"Thunderstorm, Cloudy",89.0,76.0,102.0,55.0,2026-09-20 02:13:26
"Wednesday, September 30 2026",Afternoon,"Thunderstorm, Cloudy",89.0,76.0,102.0,55.0,2026-09-20 08:02:11
"Wednesday, September 30 2026",Afternoon,"Thunderstorm, Cloudy",89.0,76.0,102.0,55.0,2026-09-20 13:18:05
"Wednesday, September 30 2026",Afternoon,"Thunderstorm, Cloudy",89.0,76.0,102.0,55.0,2026-09-20 17:06:49
"Wednesday, September 30 2026",Afternoon,"Thunderstorm, Cloudy",89.0,76.0,102.0,55.0,2026-09-20 19:56:50
"Wednesday, September 30 2026",Afternoon,"Thunderstorm, Cloudy",89.0,76.0,102.0,55.0,2026-09-20 22:03:32
"Wednesday, September 30 2026",Afternoon,"Thunderstorm, Cloudy",89.0,76.0,102.0,55.0,2026-09-21 00:38:36
"Wednesday, September 30 2026",Afternoon,"Thunderstorm, Cloudy",89.6,77.0,102.2,55.0,2026-09-21 05:38:30
"Wednesday, September 30 2026",Afternoon,"Thunderstorm, Cloudy",89.0,76.0,102.0,55.0,2026-09-21 11:22:30
"Wednesday, September 30 2026",Afternoon,"Thunderstorm, Cloudy",89.0,76.0,102.0,55.0,2026-09-21 17:22:31
"Wednesday, September 30 2026",Afternoon,"Thunderstorm, Cloudy",95.0,78.0,111.0,55.0,2026-09-21 21:22:20
"Wednesday, September 30 2026",Afternoon,"Thunderstorm, Cloudy",95.0,78.0,111.0,55.0,2026-09-22 00:23:05
"Wednesday, September 30 2026",Afternoon,"Thunderstorm, Cloudy",95.0,78.0,111.0,55.0,2026-09-22 05:35:52
"Wednesday, September 30 2026",Afternoon,"Thunderstorm, Cloudy",96.0,77.0,108.0,55.0,2026-09-22 10:32:15
"Wednesday, September 30 2026",Afternoon,"Thunderstorm, Cloudy",96.0,77.0,108.0,55.0,2026-09-22 15:15:03
"Wednesday, September 30 2026",Afternoon,"Thunderstorm, Cloudy",96.0,78.0,108.0,55.0,2026-09-22 19:22:27
"Wednesday, September 30 2026",Afternoon,"Thunderstorm, Cloudy",96.0,78.0,108.0,55.0,2026-09-22 22:30:38
"Wednesday, September 30 2026",Afternoon,"Thunderstorm, Cloudy",96.0,78.0,108.0,55.0,2026-09-23 01:02:38
"Wednesday, September 30 2026",Afternoon,"Thunderstorm, Cloudy",96.0,78.0,108.0,55.0,2026-09-23 06:56:12
"Wednesday, September 30 2026",Afternoon,"Thunderstorm, Cloudy",95.0,78.0,108.0,55.0,2026-09-23 12:29:21
"Wednesday, September 30 2026",Afternoon,"Thunderstorm, Cloudy",95.0,78.0,108.0,55.0,2026-09-23 17:34:00
"Wednesday, September 30 2026",Afternoon,"Thunderstorm, Cloudy",95.0,78.0,108.0,55.0,2026-09-23 20:49:31
"Wednesday, September 30 2026",Afternoon,"Thunderstorm, Cloudy",95.0,78.0,108.0,55.0,2026-09-23 23:19:06
"Wednesday, September 30 2026",Afternoon,"Thunderstorm, Cloudy",95.0,78.0,108.0,55.0,2026-09-24 02:05:29
"Wednesday, September 30 2026",Afternoon,"Thunderstorm, Cloudy",92.0,78.0,107.0,55.0,2026-09-24 07:55:56
"Wednesday, September 30 2026",Afternoon,"Thunderstorm, Cloudy",92.0,78.0,107.0,55.0,2026-09-24 13:00:43
"Wednesday, September 30 2026",Afternoon,"Thunderstorm, Cloudy",92.0,78.0,107.0,55.0,2026-09-24 17:47:19
"Wednesday, September 30 2026",Afternoon,"Thunderstorm, Cloudy",93.0,78.0,107.0,55.0,2026-09-24 20:55:41
"Wednesday, September 30 2026",Afternoon,"Thunderstorm, Cloudy",93.0,78.0,107.0,55.0,2026-09-24 23:39:57
"Wednesday, September 30 2026",Afternoon,"Thunderstorm, Cloudy",93.0,78.0,107.0,55.0,2026-09-25 02:22:47
"Wednesday, September 30 2026",Afternoon,"Thunderstorm, Cloudy",93.0,77.0,105.0,55.0,2026-09-25 08:19:21
"Wednesday, September 30 2026",Afternoon,"Thunderstorm, Cloudy",93.0,77.0,105.0,55.0,2026-09-25 14:17:49
"Wednesday, September 30 2026",Afternoon,"Thunderstorm, Cloudy",95.0,78.0,106.0,55.0,2026-09-25 19:01:50
"Wednesday, September 30 2026",Afternoon,"Thunderstorm, Cloudy",95.0,78.0,106.0,55.0,2026-09-25 22:56:36
"Wednesday, September 30 2026",Afternoon,"Thunderstorm, Cloudy",95.0,78.0,106.0,55.0,2026-09-26 01:04:21
"Wednesday, September 30 2026",Afternoon,"Thunderstorm, Cloudy",95.0,78.0,106.0,55.0,2026-09-26 06:49:25
"Wednesday, September 30 2026",Afternoon,Sun,93.0,78.0,111.0,55.0,2026-09-26 11:56:53
"Wednesday, September 30 2026",Afternoon,Sun,93.0,78.0,111.0,55.0,2026-09-26 15:22:57
"Wednesday, September 30 2026",Afternoon,Sun,95.0,78.0,112.0,55.0,2026-09-26 18:50:00
"Wednesday, September 30 2026",Afternoon,Sun,95.0,78.0,112.0,55.0,2026-09-26 21:42:54
"Wednesday, September 30 2026",Afternoon,Sun,95.0,78.0,112.0,55.0,2026-09-27 00:02:12
"Wednesday, September 30 2026",Afternoon,Sun,95.0,78.0,112.0,55.0,2026-09-27 05:58:31
"Wednesday, September 30 2026",Afternoon,Sun,94.0,78.0,107.0,55.0,2026-09-27 11:14:06
"Wednesday, September 30 2026",Afternoon,Sun,94.0,78.0,107.0,55.0,2026-09-27 15:58:46
"Wednesday, September 30 2026",Afternoon,Sun,94.0,78.0,107.0,55.0,2026-09-27 19:30:50
"Wednesday, September 30 2026",Afternoon,Sun,94.0,78.0,107.0,55.0,2026-09-27 22:41:03
"Wednesday, September 30 2026",Afternoon,Sun,94.0,78.0,107.0,55.0,2026-09-28 01:17:43
"Wednesday, September 30 2026",Afternoon,"Thunderstorm, Sun",94.0,77.0,113.0,70.0,2026-09-28 07:55:00
"Wednesday, September 30 2026",Afternoon,"Thunderstorm, Sun",94.0,77.0,113.0,70.0,2026-09-28 16:14:00
"Wednesday, September 30 2026",Afternoon,"Thunderstorm, Sun",93.0,77.0,112.0,70.0,2026-09-28 22:20:45
"Wednesday, September 30 2026",Afternoon,"Thunderstorm, Sun",93.0,77.0,112.0,70.0,2026-09-29 02:24:00
"Wednesday, September 30 2026",Afternoon,Thunderstorm,92.0,77.0,111.0,70.0,2026-09-29 09:14:33
"Wednesday, September 30 2026",Afternoon,Thunderstorm,93.2,77.0,111.2,70.0,2026-09-29 16:13:21
"Wednesday, September 30 2026",Afternoon,"Thunderstorm, Sun",94.0,77.0,112.0,70.0,2026-09-29 21:09:20
"Wednesday, September 30 2026","Afternoon, Morning","Thunderstorm, Rain",94.0,77.0,112.0,85.0,2026-09-30 00:52:19
"Wednesday, September 30 2026","Afternoon, Morning",Rain,94.0,77.0,109.0,98.0,2026-09-30 06:08:49
"Wednesday, September 30 2026",Evening,"Thunderstorm, Cloudy",93.0,77.0,84.0,55.0,2026-09-30 13:09:22
"Thursday, October 1 2026",All day,Cloudy,90.0,75.0,103.0,25.0,2026-09-16 17:50:28
"Thursday, October 1 2026",All day,Cloudy,90.0,75.0,103.0,25.0,2026-09-16 20:36:47
"Thursday, October 1 2026",All day,Cloudy,90.0,75.0,103.0,25.0,2026-09-16 23:23:01
"Thursday, October 1 2026",All day,Cloudy,90.0,75.0,103.0,25.0,2026-09-17 02:17:01
"Thursday, October 1 2026",All day,Cloudy,90.0,75.0,103.0,25.0,2026-09-17 08:08:00
"Thursday, October 1 2026",All day,Cloudy,90.0,75.0,103.0,25.0,2026-09-17 13:54:41
"Thursday, October 1 2026",All day,Cloudy,90.0,75.0,103.0,25.0,2026-09-17 17:50:47
"Thursday, October 1 2026",All day,Cloudy,90.0,75.0,103.0,25.0,2026-09-17 20:43:39
"Thursday, October 1 2026",All day,Cloudy,90.0,75.0,103.0,25.0,2026-09-17 23:14:56
"Thursday, October 1 2026",All day,Cloudy,90.0,75.0,103.0,25.0,2026-09-18 02:03:22
"Thursday, October 1 2026",All day,Cloudy,90.0,75.0,103.0,25.0,2026-09-18 07:43:24
"Thursday, October 1 2026",All day,Cloudy,90.0,75.0,103.0,25.0,2026-09-18 12:28:10
"Thursday, October 1 2026",All day,Cloudy,90.0,75.0,103.0,25.0,2026-09-18 16:48:14
"Thursday, October 1 2026",All day,Cloudy,90.0,75.0,103.0,25.0,2026-09-18 19:18:27
"Thursday, October 1 2026",All day,Cloudy,90.0,75.0,103.0,25.0,2026-09-18 22:02:52
"Thursday, October 1 2026",All day,Cloudy,90.0,75.0,103.0,25.0,2026-09-19 00:46:14
"Thursday, October 1 2026",All day,Cloudy,90.0,75.0,103.0,25.0,2026-09-19 05:16:25
"Thursday, October 1 2026",All day,Cloudy,90.0,75.0,103.0,25.0,2026-09-19 09:54:55
"Thursday, October 1 2026",All day,Cloudy,90.0,75.0,103.0,25.0,2026-09-19 13:34:05
"Thursday, October 1 2026",All day,Cloudy,90.0,75.0,103.0,25.0,2026-09-19 16:53:44
"Thursday, October 1 2026",All day,Cloudy,90.0,75.0,103.0,25.0,2026-09-19 19:04:22
"Thursday, October 1 2026",All day,Cloudy,90.0,75.0,103.0,25.0,2026-09-19 21:55:17
"Thursday, October 1 2026",All day,Cloudy,90.0,75.0,103.0,25.0,2026-09-19 23:46:44
"Thursday, October 1 2026",All day,Cloudy,90.0,75.0,103.0,25.0,2026-09-20 02:13:26
"Thursday, October 1 2026",All day,Cloudy,90.0,75.0,103.0,25.0,2026-09-20 08:02:11
"Thursday, October 1 2026",All day,Cloudy,90.0,75.0,103.0,25.0,2026-09-20 13:18:05
"Thursday, October 1 2026",All day,Cloudy,90.0,75.0,103.0,25.0,2026-09-20 17:06:49
"Thursday, October 1 2026",All day,Cloudy,90.0,75.0,103.0,25.0,2026-09-20 19:56:50
"Thursday, October 1 2026",All day,Cloudy,90.0,75.0,103.0,25.0,2026-09-20 22:03:32
"Thursday, October 1 2026",All day,Cloudy,90.0,75.0,103.0,25.0,2026-09-21 00:38:36
"Thursday, October 1 2026",All day,Cloudy,89.6,75.2,104.0,25.0,2026-09-21 05:38:30
"Thursday, October 1 2026",All day,Cloudy,90.0,75.0,103.0,25.0,2026-09-21 11:22:30
"Thursday, October 1 2026",All day,Cloudy,90.0,75.0,103.0,25.0,2026-09-21 17:22:31
"Thursday, October 1 2026",All day,Cloudy,90.0,75.0,103.0,25.0,2026-09-21 21:22:20
"Thursday, October 1 2026",All day,Cloudy,90.0,75.0,103.0,25.0,2026-09-22 00:23:05
"Thursday, October 1 2026",All day,Cloudy,90.0,75.0,103.0,25.0,2026-09-22 05:35:52
"Thursday, October 1 2026",All day,Cloudy,90.0,75.0,103.0,25.0,2026-09-22 10:32:15
"Thursday, October 1 2026","Afternoon, Morning","Thunderstorm, Rain, Cloudy",95.0,78.0,104.0,55.0,2026-09-22 15:15:03
"Thursday, October 1 2026","Afternoon, Morning","Thunderstorm, Rain, Cloudy",94.0,78.0,103.0,55.0,2026-09-22 19:22:27
"Thursday, October 1 2026","Afternoon, Morning","Thunderstorm, Rain, Cloudy",94.0,78.0,103.0,55.0,2026-09-22 22:30:38
"Thursday, October 1 2026","Afternoon, Morning","Thunderstorm, Rain, Cloudy",94.0,78.0,103.0,55.0,2026-09-23 01:02:38
"Thursday, October 1 2026","Afternoon, Morning","Thunderstorm, Rain, Cloudy",94.0,78.0,103.0,55.0,2026-09-23 06:56:12
"Thursday, October 1 2026","Afternoon, Morning","Thunderstorm, Rain, Cloudy",94.0,77.0,107.0,69.0,2026-09-23 12:29:21
"Thursday, October 1 2026","Afternoon, Morning","Thunderstorm, Rain, Cloudy",94.0,77.0,107.0,69.0,2026-09-23 17:34:00
"Thursday, October 1 2026","Afternoon, Morning","Thunderstorm, Rain, Cloudy",94.0,77.0,107.0,69.0,2026-09-23 20:49:31
"Thursday, October 1 2026","Afternoon, Morning","Thunderstorm, Rain, Cloudy",94.0,77.0,107.0,69.0,2026-09-23 23:19:06
"Thursday, October 1 2026","Afternoon, Morning","Thunderstorm, Rain, Cloudy",94.0,77.0,107.0,69.0,2026-09-24 02:05:29
"Thursday, October 1 2026",Afternoon,"Thunderstorm, Rain, Cloudy",94.0,79.0,107.0,60.0,2026-09-24 07:55:56
"Thursday, October 1 2026",Afternoon,"Thunderstorm, Rain, Cloudy",94.0,79.0,107.0,60.0,2026-09-24 13:00:43
"Thursday, October 1 2026",Afternoon,"Thunderstorm, Rain, Cloudy",94.0,79.0,107.0,60.0,2026-09-24 17:47:19
"Thursday, October 1 2026",Afternoon,"Thunderstorm, Rain, Cloudy",94.0,78.0,107.0,60.0,2026-09-24 20:55:41
"Thursday, October 1 2026",Afternoon,"Thunderstorm, Rain, Cloudy",94.0,78.0,107.0,60.0,2026-09-24 23:39:57
"Thursday, October 1 2026",Afternoon,"Thunderstorm, Rain, Cloudy",94.0,78.0,107.0,60.0,2026-09-25 02:22:47
"Thursday, October 1 2026",Afternoon,"Thunderstorm, Rain, Cloudy",92.0,78.0,106.0,60.0,2026-09-25 08:19:21
"Thursday, October 1 2026",Afternoon,"Thunderstorm, Rain, Cloudy",92.0,78.0,106.0,60.0,2026-09-25 14:17:49
"Thursday, October 1 2026",Afternoon,"Thunderstorm, Rain, Cloudy",96.0,79.0,109.0,60.0,2026-09-25 19:01:50
"Thursday, October 1 2026",Afternoon,"Thunderstorm, Rain, Cloudy",96.0,79.0,109.0,60.0,2026-09-25 22:56:36
"Thursday, October 1 2026",Afternoon,"Thunderstorm, Rain, Cloudy",96.0,79.0,109.0,60.0,2026-09-26 01:04:21
"Thursday, October 1 2026",Afternoon,"Thunderstorm, Rain, Cloudy",96.0,79.0,109.0,60.0,2026-09-26 06:49:25
"Thursday, October 1 2026",Afternoon,"Thunderstorm, Rain, Cloudy",94.0,78.0,108.0,60.0,2026-09-26 11:56:53
"Thursday, October 1 2026",Afternoon,"Thunderstorm, Rain, Cloudy",94.0,78.0,108.0,60.0,2026-09-26 15:22:57
"Thursday, October 1 2026",Afternoon,"Thunderstorm, Rain, Cloudy",94.0,78.0,108.0,60.0,2026-09-26 18:50:00
"Thursday, October 1 2026",Afternoon,"Thunderstorm, Rain, Cloudy",94.0,78.0,108.0,60.0,2026-09-26 21:42:54
"Thursday, October 1 2026",Afternoon,"Thunderstorm, Rain, Cloudy",94.0,78.0,108.0,60.0,2026-09-27 00:02:12
"Thursday, October 1 2026",Afternoon,"Thunderstorm, Rain, Cloudy",94.0,78.0,108.0,60.0,2026-09-27 05:58:31
"Thursday, October 1 2026",Afternoon,"Thunderstorm, Rain, Cloudy",95.0,78.0,113.0,60.0,2026-09-27 11:14:06
"Thursday, October 1 2026",Afternoon,"Thunderstorm, Rain, Cloudy",95.0,78.0,113.0,60.0,2026-09-27 15:58:46
"Thursday, October 1 2026",Afternoon,"Thunderstorm, Rain, Cloudy",95.0,78.0,110.0,60.0,2026-09-27 19:30:50
"Thursday, October 1 2026",Afternoon,"Thunderstorm, Rain, Cloudy",95.0,78.0,110.0,60.0,2026-09-27 22:41:03
"Thursday, October 1 2026",Afternoon,"Thunderstorm, Rain, Cloudy",95.0,78.0,110.0,60.0,2026-09-28 01:17:43
"Thursday, October 1 2026",Afternoon,"Thunderstorm, Rain, Cloudy",93.0,78.0,111.0,61.0,2026-09-28 07:55:00
"Thursday, October 1 2026",Afternoon,"Thunderstorm, Rain, Cloudy",93.0,78.0,111.0,61.0,2026-09-28 16:14:00
"Thursday, October 1 2026",Afternoon,"Thunderstorm, Rain, Cloudy",95.0,78.0,112.0,61.0,2026-09-28 22:20:45
"Thursday, October 1 2026",Afternoon,"Thunderstorm, Rain, Cloudy",95.0,78.0,112.0,61.0,2026-09-29 02:24:00
"Thursday, October 1 2026",Afternoon,"Thunderstorm, Rain, Cloudy",94.0,78.0,110.0,60.0,2026-09-29 09:14:33
"Thursday, October 1 2026",Afternoon,"Thunderstorm, Rain, Cloudy",93.2,78.8,109.4,60.0,2026-09-29 16:13:21
"Thursday, October 1 2026",Afternoon,"Thunderstorm, Rain, Cloudy",93.0,78.0,110.0,60.0,2026-09-29 21:09:20
"Thursday, October 1 2026",Afternoon,"Thunderstorm, Rain, Cloudy",93.0,78.0,110.0,60.0,2026-09-30 00:52:19
"Thursday, October 1 2026",Afternoon,"Thunderstorm, Rain, Cloudy",93.0,78.0,110.0,60.0,2026-09-30 06:08:49
"Thursday, October 1 2026",Afternoon,"Thunderstorm, Rain, Cloudy",93.0,78.0,110.0,63.0,2026-09-30 13:09:22
"Thursday, October 1 2026",Afternoon,"Thunderstorm, Rain, Cloudy",94.0,79.0,111.0,63.0,2026-09-30 18:41:53
"Thursday, October 1 2026",Afternoon,"Thunderstorm, Rain, Cloudy",94.0,79.0,111.0,63.0,2026-09-30 22:43:18
"Friday, October 2 2026",All day,Cloudy,89.0,75.0,104.0,25.0,2026-09-17 17:50:47
"Friday, October 2 2026",All day,Cloudy,89.0,75.0,104.0,25.0,2026-09-17 20:43:39
"Friday, October 2 2026",All day,Cloudy,89.0,75.0,104.0,25.0,2026-09-17 23:14:56
"Friday, October 2 2026",All day,Cloudy,89.0,75.0,104.0,25.0,2026-09-18 02:03:22
"Friday, October 2 2026",All day,Cloudy,89.0,75.0,104.0,25.0,2026-09-18 07:43:24
"Friday, October 2 2026",All day,Cloudy,89.0,75.0,104.0,25.0,2026-09-18 12:28:10
"Friday, October 2 2026",All day,Cloudy,89.0,75.0,104.0,25.0,2026-09-18 16:48:14
"Friday, October 2 2026",All day,Cloudy,89.0,75.0,104.0,25.0,2026-09-18 19:18:27
"Friday, October 2 2026",All day,Cloudy,89.0,75.0,104.0,25.0,2026-09-18 22:02:52
"Friday, October 2 2026",All day,Cloudy,89.0,75.0,104.0,25.0,2026-09-19 00:46:14
"Friday, October 2 2026",All day,Cloudy,89.0,75.0,104.0,25.0,2026-09-19 05:16:25
"Friday, October 2 2026",All day,Cloudy,89.0,75.0,104.0,25.0,2026-09-19 09:54:55
"Friday, October 2 2026",All day,Cloudy,89.0,75.0,104.0,25.0,2026-09-19 13:34:05
"Friday, October 2 2026",All day,Cloudy,89.0,75.0,104.0,25.0,2026-09-19 16:53:44
"Friday, October 2 2026",All day,Cloudy,89.0,75.0,104.0,25.0,2026-09-19 19:04:22
"Friday, October 2 2026",All day,Cloudy,89.0,75.0,104.0,25.0,2026-09-19 21:55:17
"Friday, October 2 2026",All day,Cloudy,89.0,75.0,104.0,25.0,2026-09-19 23:46:44
"Friday, October 2 2026",All day,Cloudy,89.0,75.0,104.0,25.0,2026-09-20 02:13:26
"Friday, October 2 2026",All day,Cloudy,89.0,75.0,104.0,25.0,2026-09-20 08:02:11
"Friday, October 2 2026",All day,Cloudy,89.0,75.0,104.0,25.0,2026-09-20 13:18:05
"Friday, October 2 2026",All day,Cloudy,89.0,75.0,104.0,25.0,2026-09-20 17:06:49
"Friday, October 2 2026",All day,Cloudy,89.0,75.0,104.0,25.0,2026-09-20 19:56:50
"Friday, October 2 2026",All day,Cloudy,89.0,75.0,104.0,25.0,2026-09-20 22:03:32
"Friday, October 2 2026",All day,Cloudy,89.0,75.0,104.0,25.0,2026-09-21 00:38:36
"Friday, October 2 2026",All day,Cloudy,89.6,75.2,104.0,25.0,2026-09-21 05:38:30
"Friday, October 2 2026",All day,Cloudy,89.0,75.0,104.0,25.0,2026-09-21 11:22:30
"Friday, October 2 2026",All day,Cloudy,89.0,75.0,104.0,25.0,2026-09-21 17:22:31
"Friday, October 2 2026",All day,Cloudy,89.0,75.0,104.0,25.0,2026-09-21 21:22:20
"Friday, October 2 2026",All day,Cloudy,89.0,75.0,104.0,25.0,2026-09-22 00:23:05
"Friday, October 2 2026",All day,Cloudy,89.0,75.0,104.0,25.0,2026-09-22 05:35:52
"Friday, October 2 2026",All day,Cloudy,89.0,75.0,104.0,25.0,2026-09-22 10:32:15
"Friday, October 2 2026",All day,Cloudy,89.0,75.0,104.0,25.0,2026-09-22 15:15:03
"Friday, October 2 2026",All day,Cloudy,89.0,75.0,104.0,25.0,2026-09-22 19:22:27
"Friday, October 2 2026",All day,Cloudy,89.0,75.0,104.0,25.0,2026-09-22 22:30:38
"Friday, October 2 2026",All day,Cloudy,89.0,75.0,104.0,25.0,2026-09-23 01:02:38
"Friday, October 2 2026",All day,Cloudy,93.0,78.0,104.0,25.0,2026-09-23 06:56:12
"Friday, October 2 2026",All day,Rain,93.0,78.0,106.0,60.0,2026-09-23 12:29:21
"Friday, October 2 2026",Afternoon,"Rain, Cloudy",94.0,77.0,106.0,55.0,2026-09-23 17:34:00
"Friday, October 2 2026",Afternoon,"Rain, Cloudy",94.0,77.0,104.0,55.0,2026-09-23 20:49:31
"Friday, October 2 2026",Afternoon,"Rain, Cloudy",94.0,77.0,104.0,55.0,2026-09-23 23:19:06
"Friday, October 2 2026",Afternoon,"Rain, Cloudy",94.0,77.0,104.0,55.0,2026-09-24 02:05:29
"Friday, October 2 2026",Afternoon,"Rain, Cloudy",93.0,78.0,107.0,62.0,2026-09-24 07:55:56
"Friday, October 2 2026",Afternoon,"Rain, Cloudy",93.0,78.0,107.0,62.0,2026-09-24 13:00:43
"Friday, October 2 2026",Afternoon,"Rain, Cloudy",93.0,78.0,107.0,62.0,2026-09-24 17:47:19
"Friday, October 2 2026",Afternoon,"Rain, Cloudy",93.0,77.0,107.0,62.0,2026-09-24 20:55:41
"Friday, October 2 2026",Afternoon,"Rain, Cloudy",93.0,77.0,107.0,62.0,2026-09-24 23:39:57
"Friday, October 2 2026",Afternoon,"Rain, Cloudy",93.0,77.0,107.0,62.0,2026-09-25 02:22:47
"Friday, October 2 2026",Afternoon,"Rain, Cloudy",94.0,79.0,109.0,61.0,2026-09-25 08:19:21
"Friday, October 2 2026",Afternoon,"Rain, Cloudy",94.0,79.0,109.0,61.0,2026-09-25 14:17:49
"Friday, October 2 2026",Afternoon,"Rain, Cloudy",94.0,79.0,109.0,61.0,2026-09-25 19:01:50
"Friday, October 2 2026",Afternoon,"Rain, Cloudy",94.0,79.0,109.0,61.0,2026-09-25 22:56:36
"Friday, October 2 2026",Afternoon,"Rain, Cloudy",94.0,79.0,109.0,61.0,2026-09-26 01:04:21
"Friday, October 2 2026",Afternoon,"Rain, Cloudy",94.0,79.0,109.0,61.0,2026-09-26 06:49:25
"Friday, October 2 2026",Afternoon,"Rain, Cloudy",93.0,78.0,107.0,60.0,2026-09-26 11:56:53
"Friday, October 2 2026",Afternoon,"Rain, Cloudy",93.0,78.0,107.0,60.0,2026-09-26 15:22:57
"Friday, October 2 2026",Afternoon,"Rain, Cloudy",94.0,79.0,108.0,60.0,2026-09-26 18:50:00
"Friday, October 2 2026",Afternoon,"Rain, Cloudy",94.0,79.0,108.0,60.0,2026-09-26 21:42:54
"Friday, October 2 2026",Afternoon,"Rain, Cloudy",94.0,79.0,108.0,60.0,2026-09-27 00:02:12
"Friday, October 2 2026",Afternoon,"Rain, Cloudy",94.0,79.0,108.0,60.0,2026-09-27 05:58:31
"Friday, October 2 2026",Afternoon,"Rain, Cloudy",93.0,78.0,107.0,56.0,2026-09-27 11:14:06
"Friday, October 2 2026",Afternoon,"Rain, Cloudy",93.0,78.0,107.0,56.0,2026-09-27 15:58:46
"Friday, October 2 2026",Afternoon,"Rain, Cloudy",94.0,79.0,108.0,56.0,2026-09-27 19:30:50
"Friday, October 2 2026",Afternoon,"Rain, Cloudy",94.0,79.0,108.0,56.0,2026-09-27 22:41:03
"Friday, October 2 2026",Afternoon,"Rain, Cloudy",94.0,79.0,108.0,56.0,2026-09-28 01:17:43
"Friday, October 2 2026",Afternoon,"Rain, Cloudy",94.0,78.0,112.0,67.0,2026-09-28 07:55:00
"Friday, October 2 2026",Afternoon,"Rain, Cloudy",94.0,78.0,112.0,67.0,2026-09-28 16:14:00
"Friday, October 2 2026",Afternoon,"Rain, Cloudy",94.0,78.0,112.0,67.0,2026-09-28 22:20:45
"Friday, October 2 2026",Afternoon,"Rain, Cloudy",94.0,78.0,112.0,67.0,2026-09-29 02:24:00
"Friday, October 2 2026",Afternoon,"Rain, Cloudy",93.0,78.0,110.0,68.0,2026-09-29 09:14:33
"Friday, October 2 2026",Afternoon,"Rain, Cloudy",93.2,78.8,111.2,68.0,2026-09-29 16:13:21
"Friday, October 2 2026",Afternoon,"Rain, Cloudy",94.0,78.0,110.0,68.0,2026-09-29 21:09:20
"Friday, October 2 2026",Afternoon,"Rain, Cloudy",94.0,78.0,110.0,68.0,2026-09-30 00:52:19
"Friday, October 2 2026",Afternoon,"Rain, Cloudy",94.0,78.0,110.0,68.0,2026-09-30 06:08:49
"Friday, October 2 2026",Afternoon,"Rain, Cloudy, Sun",92.0,78.0,110.0,90.0,2026-09-30 13:09:22
"Friday, October 2 2026",Afternoon,"Rain, Cloudy, Sun",93.0,78.0,111.0,90.0,2026-09-30 18:41:53
"Friday, October 2 2026",Afternoon,"Rain, Cloudy, Sun",93.0,78.0,111.0,90.0,2026-09-30 22:43:18
"Saturday, October 3 2026",All day,Cloudy,89.0,76.0,103.0,25.0,2026-09-18 19:18:27
"Saturday, October 3 2026",All day,Cloudy,89.0,76.0,103.0,25.0,2026-09-18 22:02:52
"Saturday, October 3 2026",All day,Cloudy,89.0,76.0,103.0,25.0,2026-09-19 00:46:14
"Saturday, October 3 2026",All day,Cloudy,89.0,76.0,103.0,25.0,2026-09-19 05:16:25
"Saturday, October 3 2026",All day,Cloudy,90.0,76.0,102.0,25.0,2026-09-19 09:54:55
"Saturday, October 3 2026",All day,Cloudy,90.0,76.0,102.0,25.0,2026-09-19 13:34:05
"Saturday, October 3 2026",All day,Cloudy,90.0,76.0,102.0,25.0,2026-09-19 16:53:44
"Saturday, October 3 2026",All day,Cloudy,90.0,76.0,102.0,25.0,2026-09-19 19:04:22
"Saturday, October 3 2026",All day,Cloudy,90.0,76.0,102.0,25.0,2026-09-19 21:55:17
"Saturday, October 3 2026",All day,Cloudy,90.0,76.0,102.0,25.0,2026-09-19 23:46:44
"Saturday, October 3 2026",All day,Cloudy,90.0,76.0,102.0,25.0,2026-09-20 02:13:26
"Saturday, October 3 2026",All day,Cloudy,90.0,76.0,102.0,25.0,2026-09-20 08:02:11
"Saturday, October 3 2026",All day,Cloudy,90.0,76.0,102.0,25.0,2026-09-20 13:18:05
"Saturday, October 3 2026",All day,Cloudy,90.0,76.0,102.0,25.0,2026-09-20 17:06:49
"Saturday, October 3 2026",All day,Cloudy,90.0,76.0,102.0,25.0,2026-09-20 19:56:50
"Saturday, October 3 2026",All day,Cloudy,90.0,76.0,102.0,25.0,2026-09-20 22:03:32
"Saturday, October 3 2026",All day,Cloudy,90.0,76.0,102.0,25.0,2026-09-21 00:38:36
"Saturday, October 3 2026",All day,Cloudy,89.6,77.0,102.2,25.0,2026-09-21 05:38:30
"Saturday, October 3 2026",All day,Cloudy,90.0,76.0,102.0,25.0,2026-09-21 11:22:30
"Saturday, October 3 2026",All day,Cloudy,90.0,76.0,102.0,25.0,2026-09-21 17:22:31
"Saturday, October 3 2026",All day,Cloudy,90.0,76.0,102.0,25.0,2026-09-21 21:22:20
"Saturday, October 3 2026",All day,Cloudy,90.0,76.0,102.0,25.0,2026-09-22 00:23:05
"Saturday, October 3 2026",All day,Cloudy,90.0,76.0,102.0,25.0,2026-09-22 05:35:52
"Saturday, October 3 2026",All day,Cloudy,90.0,76.0,102.0,25.0,2026-09-22 10:32:15
"Saturday, October 3 2026",All day,Cloudy,90.0,76.0,102.0,25.0,2026-09-22 15:15:03
"Saturday, October 3 2026",All day,Cloudy,90.0,76.0,102.0,25.0,2026-09-22 19:22:27
"Saturday, October 3 2026",All day,Cloudy,90.0,76.0,102.0,25.0,2026-09-22 22:30:38
"Saturday, October 3 2026",All day,Cloudy,90.0,76.0,102.0,25.0,2026-09-23 01:02:38
"Saturday, October 3 2026",All day,Cloudy,92.0,77.0,102.0,25.0,2026-09-23 06:56:12
"Saturday, October 3 2026",All day,Rain,92.0,77.0,109.0,60.0,2026-09-23 12:29:21
"Saturday, October 3 2026",All day,Rain,92.0,77.0,109.0,60.0,2026-09-23 17:34:00
"Saturday, October 3 2026",All day,Rain,92.0,77.0,109.0,60.0,2026-09-23 20:49:31
"Saturday, October 3 2026",All day,Rain,92.0,77.0,109.0,60.0,2026-09-23 23:19:06
"Saturday, October 3 2026",All day,Rain,92.0,77.0,109.0,60.0,2026-09-24 02:05:29
"Saturday, October 3 2026",All day,"Rain, Cloudy",92.0,78.0,106.0,57.0,2026-09-24 07:55:56
"Saturday, October 3 2026",All day,"Rain, Cloudy",94.0,76.0,104.0,55.0,2026-09-24 13:00:43
"Saturday, October 3 2026",All day,"Rain, Cloudy",94.0,76.0,104.0,55.0,2026-09-24 17:47:19
"Saturday, October 3 2026",All day,"Rain, Cloudy",93.0,78.0,103.0,55.0,2026-09-24 20:55:41
"Saturday, October 3 2026",All day,"Rain, Cloudy",93.0,78.0,103.0,55.0,2026-09-24 23:39:57
"Saturday, October 3 2026",All day,"Rain, Cloudy",93.0,78.0,103.0,55.0,2026-09-25 02:22:47
"Saturday, October 3 2026",All day,"Rain, Cloudy",93.0,78.0,109.0,58.0,2026-09-25 08:19:21
"Saturday, October 3 2026",All day,"Rain, Cloudy",93.0,78.0,109.0,58.0,2026-09-25 14:17:49
"Saturday, October 3 2026",All day,"Rain, Cloudy",93.0,78.0,108.0,57.0,2026-09-25 19:01:50
"Saturday, October 3 2026",All day,"Rain, Cloudy",93.0,78.0,108.0,57.0,2026-09-25 22:56:36
"Saturday, October 3 2026",All day,"Rain, Cloudy",93.0,78.0,108.0,57.0,2026-09-26 01:04:21
"Saturday, October 3 2026",All day,"Rain, Cloudy",93.0,78.0,108.0,57.0,2026-09-26 06:49:25
"Saturday, October 3 2026",Afternoon,"Rain, Cloudy",93.0,78.0,109.0,65.0,2026-09-26 11:56:53
"Saturday, October 3 2026",Afternoon,"Rain, Cloudy",93.0,78.0,109.0,65.0,2026-09-26 15:22:57
"Saturday, October 3 2026",Afternoon,"Rain, Cloudy",94.0,78.0,109.0,65.0,2026-09-26 18:50:00
"Saturday, October 3 2026",Afternoon,"Rain, Cloudy",94.0,78.0,109.0,65.0,2026-09-26 21:42:54
"Saturday, October 3 2026",Afternoon,"Rain, Cloudy",94.0,78.0,109.0,65.0,2026-09-27 00:02:12
"Saturday, October 3 2026",Afternoon,"Rain, Cloudy",94.0,78.0,109.0,65.0,2026-09-27 05:58:31
"Saturday, October 3 2026",Afternoon,"Rain, Cloudy",92.0,78.0,103.0,55.0,2026-09-27 11:14:06
"Saturday, October 3 2026",Afternoon,"Rain, Cloudy",92.0,78.0,103.0,55.0,2026-09-27 15:58:46
"Saturday, October 3 2026",Afternoon,"Rain, Cloudy",94.0,79.0,104.0,55.0,2026-09-27 19:30:50
"Saturday, October 3 2026",Afternoon,"Rain, Cloudy",94.0,79.0,104.0,55.0,2026-09-27 22:41:03
"Saturday, October 3 2026",Afternoon,"Rain, Cloudy",94.0,79.0,104.0,55.0,2026-09-28 01:17:43
"Saturday, October 3 2026",Afternoon,"Rain, Cloudy",94.0,78.0,109.0,69.0,2026-09-28 07:55:00
"Saturday, October 3 2026",Afternoon,"Rain, Cloudy",94.0,78.0,109.0,69.0,2026-09-28 16:14:00
"Saturday, October 3 2026",Afternoon,"Rain, Cloudy",94.0,79.0,110.0,69.0,2026-09-28 22:20:45
"Saturday, October 3 2026",Afternoon,"Rain, Cloudy",94.0,79.0,110.0,69.0,2026-09-29 02:24:00
"Saturday, October 3 2026",Afternoon,"Rain, Cloudy",92.0,78.0,105.0,55.0,2026-09-29 09:14:33
"Saturday, October 3 2026",Afternoon,"Rain, Cloudy",91.4,78.8,105.8,55.0,2026-09-29 16:13:21
"Saturday, October 3 2026",Afternoon,"Rain, Cloudy",95.0,78.0,108.0,55.0,2026-09-29 21:09:20
"Saturday, October 3 2026",Afternoon,"Rain, Cloudy",95.0,78.0,108.0,55.0,2026-09-30 00:52:19
"Saturday, October 3 2026",Afternoon,"Rain, Cloudy",95.0,78.0,108.0,55.0,2026-09-30 06:08:49
"Saturday, October 3 2026",Afternoon,"Heavy Rain, Rain, Cloudy, Sun",93.0,78.0,109.0,87.0,2026-09-30 13:09:22
"Saturday, October 3 2026",Afternoon,"Heavy Rain, Rain, Cloudy, Sun",93.0,78.0,108.0,87.0,2026-09-30 18:41:53
"Saturday, October 3 2026",Afternoon,"Heavy Rain, Rain, Cloudy, Sun",93.0,78.0,108.0,87.0,2026-09-30 22:43:18
"Sunday, October 4 2026","Afternoon, Morning","Thunderstorm, Cloudy",89.0,75.0,100.0,58.0,2026-09-19 19:04:22
"Sunday, October 4 2026","Afternoon, Morning","Thunderstorm, Cloudy",89.0,75.0,100.0,58.0,2026-09-19 21:55:17
"Sunday, October 4 2026","Afternoon, Morning","Thunderstorm, Cloudy",89.0,75.0,100.0,58.0,2026-09-19 23:46:44
"Sunday, October 4 2026","Afternoon, Morning","Thunderstorm, Cloudy",89.0,75.0,100.0,58.0,2026-09-20 02:13:26
"Sunday, October 4 2026","Afternoon, Morning","Thunderstorm, Cloudy",89.0,75.0,100.0,58.0,2026-09-20 08:02:11
"Sunday, October 4 2026","Afternoon, Morning","Thunderstorm, Cloudy",89.0,75.0,100.0,58.0,2026-09-20 13:18:05
"Sunday, October 4 2026","Afternoon, Morning","Thunderstorm, Cloudy",89.0,75.0,100.0,58.0,2026-09-20 17:06:49
"Sunday, October 4 2026","Afternoon, Morning","Thunderstorm, Cloudy",89.0,75.0,100.0,58.0,2026-09-20 19:56:50
"Sunday, October 4 2026","Afternoon, Morning","Thunderstorm, Cloudy",89.0,75.0,100.0,58.0,2026-09-20 22:03:32
"Sunday, October 4 2026","Afternoon, Morning","Thunderstorm, Cloudy",89.0,75.0,100.0,58.0,2026-09-21 00:38:36
"Sunday, October 4 2026","Afternoon, Morning","Thunderstorm, Cloudy",87.8,75.2,100.4,58.0,2026-09-21 05:38:30
"Sunday, October 4 2026","Afternoon, Morning","Thunderstorm, Cloudy",89.0,75.0,100.0,58.0,2026-09-21 11:22:30
"Sunday, October 4 2026","Afternoon, Morning","Thunderstorm, Cloudy",89.0,75.0,100.0,58.0,2026-09-21 17:22:31
"Sunday, October 4 2026","Afternoon, Morning","Thunderstorm, Cloudy",89.0,75.0,100.0,58.0,2026-09-21 21:22:20
"Sunday, October 4 2026","Afternoon, Morning","Thunderstorm, Cloudy",89.0,75.0,100.0,58.0,2026-09-22 00:23:05
"Sunday, October 4 2026","Afternoon, Morning","Thunderstorm, Cloudy",89.0,75.0,100.0,58.0,2026-09-22 05:35:52
"Sunday, October 4 2026","Afternoon, Morning","Thunderstorm, Cloudy",89.0,75.0,100.0,58.0,2026-09-22 10:32:15
"Sunday, October 4 2026","Afternoon, Morning","Thunderstorm, Cloudy",89.0,75.0,100.0,58.0,2026-09-22 15:15:03
"Sunday, October 4 2026","Afternoon, Morning","Thunderstorm, Cloudy",89.0,75.0,100.0,58.0,2026-09-22 19:22:27
"Sunday, October 4 2026","Afternoon, Morning","Thunderstorm, Cloudy",89.0,75.0,100.0,58.0,2026-09-22 22:30:38
"Sunday, October 4 2026","Afternoon, Morning","Thunderstorm, Cloudy",89.0,75.0,100.0,58.0,2026-09-23 01:02:38
"Sunday, October 4 2026","Afternoon, Morning","Thunderstorm, Cloudy",91.0,77.0,100.0,58.0,2026-09-23 06:56:12
"Sunday, October 4 2026",All day,Rain,91.0,77.0,108.0,60.0,2026-09-23 12:29:21
"Sunday, October 4 2026",All day,Rain,91.0,77.0,108.0,60.0,2026-09-23 17:34:00
"Sunday, October 4 2026",All day,Rain,91.0,77.0,108.0,60.0,2026-09-23 20:49:31
"Sunday, October 4 2026",All day,Rain,91.0,77.0,108.0,60.0,2026-09-23 23:19:06
"Sunday, October 4 2026",All day,Rain,91.0,77.0,108.0,60.0,2026-09-24 02:05:29
"Sunday, October 4 2026",All day,"Rain, Cloudy",91.0,77.0,106.0,55.0,2026-09-24 07:55:56
"Sunday, October 4 2026",All day,"Rain, Cloudy",91.0,77.0,106.0,55.0,2026-09-24 13:00:43
"Sunday, October 4 2026",All day,"Rain, Cloudy",91.0,77.0,106.0,55.0,2026-09-24 17:47:19
"Sunday, October 4 2026",All day,"Rain, Cloudy",91.0,77.0,106.0,55.0,2026-09-24 20:55:41
"Sunday, October 4 2026",All day,"Rain, Cloudy",91.0,77.0,106.0,55.0,2026-09-24 23:39:57
"Sunday, October 4 2026",All day,"Rain, Cloudy",91.0,77.0,106.0,55.0,2026-09-25 02:22:47
"Sunday, October 4 2026","Afternoon, Morning","Thunderstorm, Rain",92.0,78.0,109.0,73.0,2026-09-25 08:19:21
"Sunday, October 4 2026","Afternoon, Morning","Thunderstorm, Rain",95.0,76.0,109.0,75.0,2026-09-25 14:17:49
"Sunday, October 4 2026","Afternoon, Morning","Thunderstorm, Rain",94.0,78.0,109.0,75.0,2026-09-25 19:01:50
"Sunday, October 4 2026","Afternoon, Morning","Thunderstorm, Rain",94.0,78.0,109.0,75.0,2026-09-25 22:56:36
"Sunday, October 4 2026","Afternoon, Morning","Thunderstorm, Rain",94.0,78.0,109.0,75.0,2026-09-26 01:04:21
"Sunday, October 4 2026","Afternoon, Morning","Thunderstorm, Rain",94.0,78.0,109.0,75.0,2026-09-26 06:49:25
"Sunday, October 4 2026","Afternoon, Morning","Thunderstorm, Rain",94.0,77.0,109.0,75.0,2026-09-26 11:56:53
"Sunday, October 4 2026","Afternoon, Morning","Thunderstorm, Rain",94.0,77.0,109.0,75.0,2026-09-26 15:22:57
"Sunday, October 4 2026","Afternoon, Morning","Thunderstorm, Rain",93.0,77.0,108.0,75.0,2026-09-26 18:50:00
"Sunday, October 4 2026","Afternoon, Morning","Thunderstorm, Rain",93.0,77.0,108.0,75.0,2026-09-26 21:42:54
"Sunday, October 4 2026","Afternoon, Morning","Thunderstorm, Rain",93.0,77.0,108.0,75.0,2026-09-27 00:02:12
"Sunday, October 4 2026","Afternoon, Morning","Thunderstorm, Rain",93.0,77.0,108.0,75.0,2026-09-27 05:58:31
"Sunday, October 4 2026","Afternoon, Morning","Thunderstorm, Rain",94.0,79.0,110.0,71.0,2026-09-27 11:14:06
"Sunday, October 4 2026","Afternoon, Morning","Thunderstorm, Rain",94.0,79.0,110.0,71.0,2026-09-27 15:58:46
"Sunday, October 4 2026","Afternoon, Morning","Thunderstorm, Rain",95.0,79.0,110.0,71.0,2026-09-27 19:30:50
"Sunday, October 4 2026","Afternoon, Morning","Thunderstorm, Rain",95.0,79.0,110.0,71.0,2026-09-27 22:41:03
"Sunday, October 4 2026","Afternoon, Morning","Thunderstorm, Rain",95.0,79.0,110.0,71.0,2026-09-28 01:17:43
"Sunday, October 4 2026","Afternoon, Morning","Thunderstorm, Rain",93.0,78.0,109.0,71.0,2026-09-28 07:55:00
"Sunday, October 4 2026","Afternoon, Morning","Thunderstorm, Rain",93.0,78.0,109.0,71.0,2026-09-28 16:14:00
"Sunday, October 4 2026","Afternoon, Morning","Thunderstorm, Rain",94.0,79.0,109.0,71.0,2026-09-28 22:20:45
"Sunday, October 4 2026","Afternoon, Morning","Thunderstorm, Rain",94.0,79.0,109.0,71.0,2026-09-29 02:24:00
"Sunday, October 4 2026","Afternoon, Morning","Thunderstorm, Rain, Cloudy",94.0,78.0,108.0,93.0,2026-09-29 09:14:33
"Sunday, October 4 2026","Afternoon, Morning","Thunderstorm, Rain, Cloudy",93.2,78.8,107.6,93.0,2026-09-29 16:13:21
"Sunday, October 4 2026","Afternoon, Morning","Thunderstorm, Rain, Cloudy",95.0,79.0,108.0,93.0,2026-09-29 21:09:20
"Sunday, October 4 2026","Afternoon, Morning","Thunderstorm, Rain, Cloudy",95.0,79.0,108.0,93.0,2026-09-30 00:52:19
"Sunday, October 4 2026","Afternoon, Morning","Thunderstorm, Rain, Cloudy",95.0,79.0,108.0,93.0,2026-09-30 06:08:49
"Sunday, October 4 2026","Afternoon, Morning","Thunderstorm, Rain",94.0,78.0,110.0,90.0,2026-09-30 13:09:22
"Sunday, October 4 2026","Afternoon, Morning","Thunderstorm, Rain",95.0,79.0,111.0,90.0,2026-09-30 18:41:53
"Sunday, October 4 2026","Afternoon, Morning","Thunderstorm, Rain",95.0,79.0,111.0,90.0,2026-09-30 22:43:18
"Monday, October 5 2026",Morning,"Thunderstorm, Rain, Cloudy",90.0,76.0,104.0,64.0,2026-09-20 17:06:49
"Monday, October 5 2026",Morning,"Thunderstorm, Rain, Cloudy",90.0,76.0,104.0,64.0,2026-09-20 19:56:50
"Monday, October 5 2026",Morning,"Thunderstorm, Rain, Cloudy",90.0,76.0,104.0,64.0,2026-09-20 22:03:32
"Monday, October 5 2026",Morning,"Thunderstorm, Rain, Cloudy",90.0,76.0,104.0,64.0,2026-09-21 00:38:36
"Monday, October 5 2026",Morning,"Thunderstorm, Rain, Cloudy",89.6,77.0,104.0,64.0,2026-09-21 05:38:30
"Monday, October 5 2026",Morning,"Thunderstorm, Rain, Cloudy",90.0,76.0,104.0,64.0,2026-09-21 11:22:30
"Monday, October 5 2026",Morning,"Thunderstorm, Rain, Cloudy",90.0,76.0,104.0,64.0,2026-09-21 17:22:31
"Monday, October 5 2026",Morning,"Thunderstorm, Rain, Cloudy",90.0,76.0,104.0,64.0,2026-09-21 21:22:20
"Monday, October 5 2026",Morning,"Thunderstorm, Rain, Cloudy",90.0,76.0,104.0,64.0,2026-09-22 00:23:05
"Monday, October 5 2026",Morning,"Thunderstorm, Rain, Cloudy",90.0,76.0,104.0,64.0,2026-09-22 05:35:52
"Monday, October 5 2026",Morning,"Thunderstorm, Rain, Cloudy",90.0,76.0,104.0,64.0,2026-09-22 10:32:15
"Monday, October 5 2026",Morning,"Thunderstorm, Rain, Cloudy",90.0,76.0,104.0,64.0,2026-09-22 15:15:03
"Monday, October 5 2026",Morning,"Thunderstorm, Rain, Cloudy",90.0,76.0,104.0,64.0,2026-09-22 19:22:27
"Monday, October 5 2026",Morning,"Thunderstorm, Rain, Cloudy",90.0,76.0,104.0,64.0,2026-09-22 22:30:38
"Monday, October 5 2026",Morning,"Thunderstorm, Rain, Cloudy",90.0,76.0,104.0,64.0,2026-09-23 01:02:38
"Monday, October 5 2026",Morning,"Thunderstorm, Rain, Cloudy",92.0,78.0,104.0,64.0,2026-09-23 06:56:12
"Monday, October 5 2026",All day,Rain,92.0,78.0,105.0,65.0,2026-09-23 12:29:21
"Monday, October 5 2026",All day,Rain,92.0,78.0,105.0,65.0,2026-09-23 17:34:00
"Monday, October 5 2026",All day,Rain,92.0,78.0,105.0,65.0,2026-09-23 20:49:31
"Monday, October 5 2026",All day,Rain,92.0,78.0,105.0,65.0,2026-09-23 23:19:06
"Monday, October 5 2026",All day,Rain,92.0,78.0,105.0,65.0,2026-09-24 02:05:29
"Monday, October 5 2026",All day,Rain,91.0,77.0,106.0,60.0,2026-09-24 07:55:56
"Monday, October 5 2026",All day,Rain,91.0,77.0,106.0,60.0,2026-09-24 13:00:43
"Monday, October 5 2026",All day,Rain,91.0,77.0,106.0,60.0,2026-09-24 17:47:19
"Monday, October 5 2026",All day,Rain,91.0,77.0,106.0,60.0,2026-09-24 20:55:41
"Monday, October 5 2026",All day,Rain,91.0,77.0,106.0,60.0,2026-09-24 23:39:57
"Monday, October 5 2026",All day,Rain,91.0,77.0,106.0,60.0,2026-09-25 02:22:47
"Monday, October 5 2026",All day,Rain,91.0,77.0,107.0,61.0,2026-09-25 08:19:21
"Monday, October 5 2026",All day,Rain,91.0,77.0,107.0,61.0,2026-09-25 14:17:49
"Monday, October 5 2026",All day,Rain,91.0,77.0,107.0,61.0,2026-09-25 19:01:50
"Monday, October 5 2026",All day,Rain,91.0,77.0,107.0,61.0,2026-09-25 22:56:36
"Monday, October 5 2026",All day,Rain,91.0,77.0,107.0,61.0,2026-09-26 01:04:21
"Monday, October 5 2026",All day,Rain,91.0,77.0,107.0,61.0,2026-09-26 06:49:25
"Monday, October 5 2026",All day,Rain,92.0,77.0,109.0,60.0,2026-09-26 11:56:53
"Monday, October 5 2026",All day,Rain,94.0,76.0,110.0,60.0,2026-09-26 15:22:57
"Monday, October 5 2026",All day,Rain,94.0,77.0,109.0,60.0,2026-09-26 18:50:00
"Monday, October 5 2026",All day,Rain,94.0,77.0,109.0,60.0,2026-09-26 21:42:54
"Monday, October 5 2026",All day,Rain,94.0,77.0,109.0,60.0,2026-09-27 00:02:12
"Monday, October 5 2026",All day,Rain,94.0,77.0,109.0,60.0,2026-09-27 05:58:31
"Monday, October 5 2026",All day,Rain,95.0,78.0,109.0,68.0,2026-09-27 11:14:06
"Monday, October 5 2026",All day,Rain,95.0,78.0,109.0,68.0,2026-09-27 15:58:46
"Monday, October 5 2026",All day,Rain,94.0,78.0,108.0,68.0,2026-09-27 19:30:50
"Monday, October 5 2026",All day,Rain,94.0,78.0,108.0,68.0,2026-09-27 22:41:03
"Monday, October 5 2026",All day,Rain,94.0,78.0,108.0,68.0,2026-09-28 01:17:43
"Monday, October 5 2026",All day,Rain,95.0,78.0,111.0,64.0,2026-09-28 07:55:00
"Monday, October 5 2026",All day,Rain,95.0,78.0,111.0,64.0,2026-09-28 16:14:00
"Monday, October 5 2026",All day,Rain,95.0,78.0,110.0,64.0,2026-09-28 22:20:45
"Monday, October 5 2026",All day,Rain,95.0,78.0,110.0,64.0,2026-09-29 02:24:00
"Monday, October 5 2026",All day,Rain,93.0,77.0,108.0,65.0,2026-09-29 09:14:33
"Monday, October 5 2026",All day,Rain,93.2,77.0,107.6,65.0,2026-09-29 16:13:21
"Monday, October 5 2026",All day,Rain,96.0,78.0,111.0,65.0,2026-09-29 21:09:20
"Monday, October 5 2026",All day,Rain,96.0,78.0,111.0,65.0,2026-09-30 00:52:19
"Monday, October 5 2026",All day,Rain,96.0,78.0,111.0,65.0,2026-09-30 06:08:49
"Monday, October 5 2026",All day,Rain,95.0,78.0,110.0,95.0,2026-09-30 13:09:22
"Monday, October 5 2026",All day,Rain,95.0,78.0,111.0,95.0,2026-09-30 18:41:53
"Monday, October 5 2026",All day,Rain,95.0,78.0,111.0,95.0,2026-09-30 22:43:18
"Tuesday, October 6 2026",Afternoon,"Thunderstorm, Rain, Cloudy",89.0,76.0,102.0,65.0,2026-09-21 17:22:31
"Tuesday, October 6 2026",Afternoon,"Thunderstorm, Rain, Cloudy",89.0,76.0,102.0,65.0,2026-09-21 21:22:20
"Tuesday, October 6 2026",Afternoon,"Thunderstorm, Rain, Cloudy",89.0,76.0,102.0,65.0,2026-09-22 00:23:05
"Tuesday, October 6 2026",Afternoon,"Thunderstorm, Rain, Cloudy",89.0,76.0,102.0,65.0,2026-09-22 05:35:52
"Tuesday, October 6 2026",Afternoon,"Thunderstorm, Rain, Cloudy",89.0,76.0,102.0,65.0,2026-09-22 10:32:15
"Tuesday, October 6 2026",Afternoon,"Thunderstorm, Rain, Cloudy",89.0,76.0,102.0,65.0,2026-09-22 15:15:03
"Tuesday, October 6 2026",Afternoon,"Thunderstorm, Rain, Cloudy",89.0,76.0,102.0,65.0,2026-09-22 19:22:27
"Tuesday, October 6 2026",Afternoon,"Thunderstorm, Rain, Cloudy",89.0,76.0,102.0,65.0,2026-09-22 22:30:38
"Tuesday, October 6 2026",Afternoon,"Thunderstorm, Rain, Cloudy",89.0,76.0,102.0,65.0,2026-09-23 01:02:38
"Tuesday, October 6 2026",Afternoon,"Thunderstorm, Rain, Cloudy",89.0,76.0,102.0,65.0,2026-09-23 06:56:12
"Tuesday, October 6 2026",Afternoon,"Thunderstorm, Rain, Cloudy",89.0,76.0,102.0,65.0,2026-09-23 12:29:21
"Tuesday, October 6 2026",Afternoon,"Thunderstorm, Rain, Cloudy",89.0,76.0,102.0,65.0,2026-09-23 17:34:00
"Tuesday, October 6 2026",Afternoon,"Thunderstorm, Rain, Cloudy",89.0,76.0,102.0,65.0,2026-09-23 20:49:31
"Tuesday, October 6 2026",Afternoon,"Thunderstorm, Rain, Cloudy",89.0,76.0,102.0,65.0,2026-09-23 23:19:06
"Tuesday, October 6 2026",Afternoon,"Thunderstorm, Rain, Cloudy",89.0,76.0,102.0,65.0,2026-09-24 02:05:29
"Tuesday, October 6 2026",All day,Rain,92.0,78.0,109.0,62.0,2026-09-24 07:55:56
"Tuesday, October 6 2026",All day,Rain,92.0,78.0,109.0,62.0,2026-09-24 13:00:43
"Tuesday, October 6 2026",All day,Rain,92.0,78.0,109.0,62.0,2026-09-24 17:47:19
"Tuesday, October 6 2026",All day,Rain,92.0,78.0,109.0,62.0,2026-09-24 20:55:41
"Tuesday, October 6 2026",All day,Rain,92.0,78.0,109.0,62.0,2026-09-24 23:39:57
"Tuesday, October 6 2026",All day,Rain,92.0,78.0,109.0,62.0,2026-09-25 02:22:47
"Tuesday, October 6 2026",All day,Rain,90.0,76.0,107.0,60.0,2026-09-25 08:19:21
"Tuesday, October 6 2026",All day,Rain,90.0,76.0,107.0,60.0,2026-09-25 14:17:49
"Tuesday, October 6 2026",All day,Rain,90.0,76.0,107.0,60.0,2026-09-25 19:01:50
"Tuesday, October 6 2026",All day,Rain,90.0,76.0,107.0,60.0,2026-09-25 22:56:36
"Tuesday, October 6 2026",All day,Rain,90.0,76.0,107.0,60.0,2026-09-26 01:04:21
"Tuesday, October 6 2026",All day,Rain,90.0,76.0,107.0,60.0,2026-09-26 06:49:25
"Tuesday, October 6 2026",All day,Rain,91.0,76.0,108.0,61.0,2026-09-26 11:56:53
"Tuesday, October 6 2026",All day,Rain,91.0,76.0,108.0,61.0,2026-09-26 15:22:57
"Tuesday, October 6 2026",All day,Rain,91.0,76.0,108.0,61.0,2026-09-26 18:50:00
"Tuesday, October 6 2026",All day,Rain,91.0,76.0,108.0,61.0,2026-09-26 21:42:54
"Tuesday, October 6 2026",All day,Rain,91.0,76.0,108.0,61.0,2026-09-27 00:02:12
"Tuesday, October 6 2026",All day,Rain,91.0,76.0,108.0,61.0,2026-09-27 05:58:31
"Tuesday, October 6 2026","Afternoon, Morning","Thunderstorm, Rain, Cloudy, Sun",92.0,77.0,109.0,85.0,2026-09-27 11:14:06
"Tuesday, October 6 2026","Afternoon, Morning","Thunderstorm, Rain",94.0,77.0,109.0,69.0,2026-09-27 15:58:46
"Tuesday, October 6 2026","Afternoon, Morning","Thunderstorm, Rain",95.0,77.0,109.0,69.0,2026-09-27 19:30:50
"Tuesday, October 6 2026","Afternoon, Morning","Thunderstorm, Rain",95.0,77.0,109.0,69.0,2026-09-27 22:41:03
"Tuesday, October 6 2026","Afternoon, Morning","Thunderstorm, Rain",95.0,77.0,109.0,69.0,2026-09-28 01:17:43
"Tuesday, October 6 2026","Afternoon, Morning","Thunderstorm, Rain, Cloudy",94.0,77.0,109.0,70.0,2026-09-28 07:55:00
"Tuesday, October 6 2026","Afternoon, Morning","Thunderstorm, Rain, Cloudy",94.0,77.0,109.0,70.0,2026-09-28 16:14:00
"Tuesday, October 6 2026","Afternoon, Morning","Thunderstorm, Rain, Cloudy",93.0,77.0,108.0,70.0,2026-09-28 22:20:45
"Tuesday, October 6 2026","Afternoon, Morning","Thunderstorm, Rain, Cloudy",93.0,77.0,108.0,70.0,2026-09-29 02:24:00
"Tuesday, October 6 2026","Afternoon, Morning","Thunderstorm, Rain, Cloudy",94.0,78.0,108.0,74.0,2026-09-29 09:14:33
"Tuesday, October 6 2026","Afternoon, Morning","Thunderstorm, Rain, Cloudy",93.2,77.0,107.6,74.0,2026-09-29 16:13:21
"Tuesday, October 6 2026","Afternoon, Morning","Thunderstorm, Rain, Cloudy",93.0,77.0,108.0,74.0,2026-09-29 21:09:20
"Tuesday, October 6 2026","Afternoon, Morning","Thunderstorm, Rain, Cloudy",93.0,77.0,108.0,74.0,2026-09-30 00:52:19
"Tuesday, October 6 2026","Afternoon, Morning","Thunderstorm, Rain, Cloudy",93.0,77.0,108.0,74.0,2026-09-30 06:08:49
"Tuesday, October 6 2026","Afternoon, Morning","Thunderstorm, Rain",91.0,77.0,103.0,75.0,2026-09-30 13:09:22
"Tuesday, October 6 2026","Afternoon, Morning","Thunderstorm, Rain",92.0,77.0,106.0,75.0,2026-09-30 18:41:53
"Tuesday, October 6 2026","Afternoon, Morning","Thunderstorm, Rain",92.0,77.0,106.0,75.0,2026-09-30 22:43:18
"Wednesday, October 7 2026",Afternoon,"Thunderstorm, Rain, Cloudy",88.0,76.0,100.0,65.0,2026-09-22 19:22:27
"Wednesday, October 7 2026",Afternoon,"Thunderstorm, Rain, Cloudy",88.0,76.0,100.0,65.0,2026-09-22 22:30:38
"Wednesday, October 7 2026",Afternoon,"Thunderstorm, Rain, Cloudy",88.0,76.0,100.0,65.0,2026-09-23 01:02:38
"Wednesday, October 7 2026",Afternoon,"Thunderstorm, Rain, Cloudy",88.0,76.0,100.0,65.0,2026-09-23 06:56:12
"Wednesday, October 7 2026",All day,Cloudy,88.0,76.0,98.0,55.0,2026-09-23 12:29:21
"Wednesday, October 7 2026",All day,Cloudy,88.0,76.0,98.0,55.0,2026-09-23 17:34:00
"Wednesday, October 7 2026",All day,Cloudy,88.0,76.0,98.0,55.0,2026-09-23 20:49:31
"Wednesday, October 7 2026",All day,Cloudy,88.0,76.0,98.0,55.0,2026-09-23 23:19:06
"Wednesday, October 7 2026",All day,Cloudy,88.0,76.0,98.0,55.0,2026-09-24 02:05:29
"Wednesday, October 7 2026",All day,Cloudy,88.0,76.0,98.0,55.0,2026-09-24 07:55:56
"Wednesday, October 7 2026",All day,Cloudy,88.0,76.0,98.0,55.0,2026-09-24 13:00:43
"Wednesday, October 7 2026",All day,Cloudy,88.0,76.0,98.0,55.0,2026-09-24 17:47:19
"Wednesday, October 7 2026",All day,Cloudy,88.0,76.0,98.0,55.0,2026-09-24 20:55:41
"Wednesday, October 7 2026",All day,Cloudy,88.0,76.0,98.0,55.0,2026-09-24 23:39:57
"Wednesday, October 7 2026",All day,Cloudy,88.0,76.0,98.0,55.0,2026-09-25 02:22:47
"Wednesday, October 7 2026",All day,Rain,91.0,77.0,109.0,62.0,2026-09-25 08:19:21
"Wednesday, October 7 2026",All day,Rain,91.0,77.0,109.0,62.0,2026-09-25 14:17:49
"Wednesday, October 7 2026",All day,Rain,91.0,77.0,109.0,62.0,2026-09-25 19:01:50
"Wednesday, October 7 2026",All day,Rain,91.0,77.0,109.0,62.0,2026-09-25 22:56:36
"Wednesday, October 7 2026",All day,Rain,91.0,77.0,109.0,62.0,2026-09-26 01:04:21
"Wednesday, October 7 2026",All day,Rain,91.0,77.0,109.0,62.0,2026-09-26 06:49:25
"Wednesday, October 7 2026",All day,Rain,90.0,76.0,108.0,60.0,2026-09-26 11:56:53
"Wednesday, October 7 2026",All day,Rain,90.0,76.0,108.0,60.0,2026-09-26 15:22:57
"Wednesday, October 7 2026",All day,Rain,90.0,76.0,108.0,60.0,2026-09-26 18:50:00
"Wednesday, October 7 2026",All day,Rain,90.0,76.0,108.0,60.0,2026-09-26 21:42:54
"Wednesday, October 7 2026",All day,Rain,90.0,76.0,108.0,60.0,2026-09-27 00:02:12
"Wednesday, October 7 2026",All day,Rain,90.0,76.0,108.0,60.0,2026-09-27 05:58:31
"Wednesday, October 7 2026",All day,Rain,91.0,76.0,108.0,63.0,2026-09-27 11:14:06
"Wednesday, October 7 2026",All day,Rain,91.0,76.0,108.0,63.0,2026-09-27 15:58:46
"Wednesday, October 7 2026",All day,Rain,91.0,76.0,108.0,63.0,2026-09-27 19:30:50
"Wednesday, October 7 2026",All day,Rain,91.0,76.0,108.0,63.0,2026-09-27 22:41:03
"Wednesday, October 7 2026",All day,Rain,91.0,76.0,108.0,63.0,2026-09-28 01:17:43
"Wednesday, October 7 2026",All day,Rain,91.0,78.0,108.0,61.0,2026-09-28 07:55:00
"Wednesday, October 7 2026",All day,Rain,93.0,77.0,106.0,65.0,2026-09-28 16:14:00
"Wednesday, October 7 2026",All day,Rain,93.0,77.0,106.0,65.0,2026-09-28 22:20:45
"Wednesday, October 7 2026",All day,Rain,93.0,77.0,106.0,65.0,2026-09-29 02:24:00
"Wednesday, October 7 2026",All day,Rain,93.0,77.0,107.0,64.0,2026-09-29 09:14:33
"Wednesday, October 7 2026",All day,Rain,93.2,77.0,107.6,64.0,2026-09-29 16:13:21
"Wednesday, October 7 2026",All day,Rain,94.0,76.0,108.0,64.0,2026-09-29 21:09:20
"Wednesday, October 7 2026",All day,Rain,94.0,76.0,108.0,64.0,2026-09-30 00:52:19
"Wednesday, October 7 2026",All day,Rain,94.0,76.0,108.0,64.0,2026-09-30 06:08:49
"Wednesday, October 7 2026",All day,Rain,93.0,77.0,108.0,60.0,2026-09-30 13:09:22
"Wednesday, October 7 2026",All day,Rain,93.0,77.0,108.0,60.0,2026-09-30 18:41:53
"Wednesday, October 7 2026",All day,Rain,93.0,77.0,108.0,60.0,2026-09-30 22:43:18
"Thursday, October 8 2026",Afternoon,"Thunderstorm, Rain, Cloudy",87.0,76.0,103.0,65.0,2026-09-23 17:34:00
"Thursday, October 8 2026",Afternoon,"Thunderstorm, Rain, Cloudy",87.0,76.0,103.0,65.0,2026-09-23 20:49:31
"Thursday, October 8 2026",Afternoon,"Thunderstorm, Rain, Cloudy",87.0,76.0,103.0,65.0,2026-09-23 23:19:06
"Thursday, October 8 2026",Afternoon,"Thunderstorm, Rain, Cloudy",87.0,76.0,103.0,65.0,2026-09-24 02:05:29
"Thursday, October 8 2026",Afternoon,"Thunderstorm, Rain, Cloudy",87.0,76.0,103.0,65.0,2026-09-24 07:55:56
"Thursday, October 8 2026",Afternoon,"Thunderstorm, Rain, Cloudy",87.0,76.0,103.0,65.0,2026-09-24 13:00:43
"Thursday, October 8 2026",Afternoon,"Thunderstorm, Rain, Cloudy",87.0,76.0,103.0,65.0,2026-09-24 17:47:19
"Thursday, October 8 2026",Afternoon,"Thunderstorm, Rain, Cloudy",87.0,76.0,103.0,65.0,2026-09-24 20:55:41
"Thursday, October 8 2026",Afternoon,"Thunderstorm, Rain, Cloudy",87.0,76.0,103.0,65.0,2026-09-24 23:39:57
"Thursday, October 8 2026",Afternoon,"Thunderstorm, Rain, Cloudy",87.0,76.0,103.0,65.0,2026-09-25 02:22:47
"Thursday, October 8 2026",Afternoon,"Thunderstorm, Rain, Cloudy",87.0,76.0,103.0,65.0,2026-09-25 08:19:21
"Thursday, October 8 2026",Afternoon,"Thunderstorm, Rain, Cloudy",87.0,76.0,103.0,65.0,2026-09-25 14:17:49
"Thursday, October 8 2026",Afternoon,"Thunderstorm, Rain, Cloudy",87.0,76.0,103.0,65.0,2026-09-25 19:01:50
"Thursday, October 8 2026",Afternoon,"Thunderstorm, Rain, Cloudy",87.0,76.0,103.0,65.0,2026-09-25 22:56:36
"Thursday, October 8 2026",Afternoon,"Thunderstorm, Rain, Cloudy",87.0,76.0,103.0,65.0,2026-09-26 01:04:21
"Thursday, October 8 2026",Afternoon,"Thunderstorm, Rain, Cloudy",87.0,76.0,103.0,65.0,2026-09-26 06:49:25
"Thursday, October 8 2026",All day,"Rain, Cloudy",92.0,77.0,112.0,58.0,2026-09-26 11:56:53
"Thursday, October 8 2026",All day,"Rain, Cloudy",92.0,77.0,112.0,58.0,2026-09-26 15:22:57
"Thursday, October 8 2026",All day,"Rain, Cloudy",92.0,77.0,112.0,58.0,2026-09-26 18:50:00
"Thursday, October 8 2026",All day,"Rain, Cloudy",92.0,77.0,112.0,58.0,2026-09-26 21:42:54
"Thursday, October 8 2026",All day,"Rain, Cloudy",92.0,77.0,112.0,58.0,2026-09-27 00:02:12
"Thursday, October 8 2026",All day,"Rain, Cloudy",92.0,77.0,112.0,58.0,2026-09-27 05:58:31
"Thursday, October 8 2026",All day,Rain,90.0,76.0,108.0,62.0,2026-09-27 11:14:06
"Thursday, October 8 2026",All day,Rain,90.0,76.0,108.0,62.0,2026-09-27 15:58:46
"Thursday, October 8 2026",All day,Rain,90.0,76.0,108.0,62.0,2026-09-27 19:30:50
"Thursday, October 8 2026",All day,Rain,90.0,76.0,108.0,62.0,2026-09-27 22:41:03
"Thursday, October 8 2026",All day,Rain,90.0,76.0,108.0,62.0,2026-09-28 01:17:43
"Thursday, October 8 2026",All day,"Rain, Cloudy",92.0,77.0,108.0,55.0,2026-09-28 07:55:00
"Thursday, October 8 2026",All day,"Rain, Cloudy",92.0,77.0,108.0,55.0,2026-09-28 16:14:00
"Thursday, October 8 2026",All day,"Rain, Cloudy",92.0,77.0,108.0,55.0,2026-09-28 22:20:45
"Thursday, October 8 2026",All day,"Rain, Cloudy",92.0,77.0,108.0,55.0,2026-09-29 02:24:00
"Thursday, October 8 2026","Afternoon, Morning","Thunderstorm, Rain, Cloudy, Sun",91.0,77.0,109.0,85.0,2026-09-29 09:14:33
"Thursday, October 8 2026","Afternoon, Morning","Thunderstorm, Rain, Cloudy, Sun",93.2,75.2,109.4,85.0,2026-09-29 16:13:21
"Thursday, October 8 2026","Afternoon, Morning","Thunderstorm, Rain, Cloudy, Sun",93.0,77.0,107.0,85.0,2026-09-29 21:09:20
"Thursday, October 8 2026","Afternoon, Morning","Thunderstorm, Rain, Cloudy, Sun",93.0,77.0,107.0,85.0,2026-09-30 00:52:19
"Thursday, October 8 2026","Afternoon, Morning","Thunderstorm, Rain, Cloudy, Sun",93.0,77.0,107.0,85.0,2026-09-30 06:08:49
"Thursday, October 8 2026","Afternoon, Morning","Thunderstorm, Rain, Cloudy",92.0,76.0,106.0,68.0,2026-09-30 13:09:22
"Thursday, October 8 2026","Afternoon, Morning","Thunderstorm, Rain, Cloudy",92.0,76.0,105.0,62.0,2026-09-30 18:41:53
"Thursday, October 8 2026","Afternoon, Morning","Thunderstorm, Rain, Cloudy",92.0,76.0,105.0,62.0,2026-09-30 22:43:18
"Friday, October 9 2026",Morning,"Rain, Cloudy",87.0,76.0,102.0,56.0,2026-09-24 17:47:19
"Friday, October 9 2026",Morning,"Rain, Cloudy",87.0,76.0,102.0,56.0,2026-09-24 20:55:41
"Friday, October 9 2026",Morning,"Rain, Cloudy",87.0,76.0,102.0,56.0,2026-09-24 23:39:57
"Friday, October 9 2026",Morning,"Rain, Cloudy",87.0,76.0,102.0,56.0,2026-09-25 02:22:47
"Friday, October 9 2026",Morning,"Rain, Cloudy",87.0,76.0,102.0,56.0,2026-09-25 08:19:21
"Friday, October 9 2026",Morning,"Rain, Cloudy",87.0,76.0,102.0,56.0,2026-09-25 14:17:49
"Friday, October 9 2026",Morning,"Rain, Cloudy",87.0,76.0,102.0,56.0,2026-09-25 19:01:50
"Friday, October 9 2026",Morning,"Rain, Cloudy",87.0,76.0,102.0,56.0,2026-09-25 22:56:36
"Friday, October 9 2026",Morning,"Rain, Cloudy",87.0,76.0,102.0,56.0,2026-09-26 01:04:21
"Friday, October 9 2026",Morning,"Rain, Cloudy",87.0,76.0,102.0,56.0,2026-09-26 06:49:25
"Friday, October 9 2026",Morning,"Rain, Cloudy",87.0,76.0,102.0,56.0,2026-09-26 11:56:53
"Friday, October 9 2026",Morning,"Rain, Cloudy",87.0,76.0,102.0,56.0,2026-09-26 15:22:57
"Friday, October 9 2026",Morning,"Rain, Cloudy",87.0,76.0,102.0,56.0,2026-09-26 18:50:00
"Friday, October 9 2026",Morning,"Rain, Cloudy",87.0,76.0,102.0,56.0,2026-09-26 21:42:54
"Friday, October 9 2026",Morning,"Rain, Cloudy",87.0,76.0,102.0,56.0,2026-09-27 00:02:12
"Friday, October 9 2026",Morning,"Rain, Cloudy",87.0,76.0,102.0,56.0,2026-09-27 05:58:31
"Friday, October 9 2026",All day,Rain,91.0,77.0,109.0,60.0,2026-09-27 11:14:06
"Friday, October 9 2026",All day,Rain,91.0,77.0,109.0,60.0,2026-09-27 15:58:46
"Friday, October 9 2026",All day,Rain,91.0,77.0,109.0,60.0,2026-09-27 19:30:50
"Friday, October 9 2026",All day,Rain,91.0,77.0,109.0,60.0,2026-09-27 22:41:03
"Friday, October 9 2026",All day,Rain,91.0,77.0,109.0,60.0,2026-09-28 01:17:43
"Friday, October 9 2026",All day,Rain,91.0,77.0,108.0,60.0,2026-09-28 07:55:00
"Friday, October 9 2026",All day,Rain,91.0,77.0,108.0,60.0,2026-09-28 16:14:00
"Friday, October 9 2026",All day,Rain,91.0,77.0,108.0,60.0,2026-09-28 22:20:45
"Friday, October 9 2026",All day,Rain,91.0,77.0,108.0,60.0,2026-09-29 02:24:00
"Friday, October 9 2026",All day,Rain,90.0,76.0,107.0,61.0,2026-09-29 09:14:33
"Friday, October 9 2026",All day,Rain,89.6,77.0,107.6,61.0,2026-09-29 16:13:21
"Friday, October 9 2026",All day,Rain,90.0,76.0,107.0,61.0,2026-09-29 21:09:20
"Friday, October 9 2026",All day,Rain,90.0,76.0,107.0,61.0,2026-09-30 00:52:19
"Friday, October 9 2026",All day,Rain,90.0,76.0,107.0,61.0,2026-09-30 06:08:49
"Friday, October 9 2026",All day,Rain,93.0,76.0,110.0,61.0,2026-09-30 13:09:22
"Friday, October 9 2026",All day,Rain,93.0,77.0,109.0,61.0,2026-09-30 18:41:53
"Friday, October 9 2026",All day,Rain,93.0,77.0,109.0,61.0,2026-09-30 22:43:18
"Saturday, October 10 2026",Morning,"Thunderstorm, Rain, Cloudy",89.0,77.0,102.0,65.0,2026-09-25 19:01:50
"Saturday, October 10 2026",Morning,"Thunderstorm, Rain, Cloudy",89.0,77.0,102.0,65.0,2026-09-25 22:56:36
"Saturday, October 10 2026",Morning,"Thunderstorm, Rain, Cloudy",89.0,77.0,102.0,65.0,2026-09-26 01:04:21
"Saturday, October 10 2026",Morning,"Thunderstorm, Rain, Cloudy",89.0,77.0,102.0,65.0,2026-09-26 06:49:25
"Saturday, October 10 2026",Morning,"Thunderstorm, Rain, Cloudy",89.0,76.0,101.0,65.0,2026-09-26 11:56:53
"Saturday, October 10 2026",Morning,"Thunderstorm, Rain, Cloudy",89.0,76.0,101.0,65.0,2026-09-26 15:22:57
"Saturday, October 10 2026",Morning,"Thunderstorm, Rain, Cloudy",89.0,76.0,101.0,65.0,2026-09-26 18:50:00
"Saturday, October 10 2026",Morning,"Thunderstorm, Rain, Cloudy",89.0,76.0,101.0,65.0,2026-09-26 21:42:54
"Saturday, October 10 2026",Morning,"Thunderstorm, Rain, Cloudy",89.0,76.0,101.0,65.0,2026-09-27 00:02:12
"Saturday, October 10 2026",Morning,"Thunderstorm, Rain, Cloudy",89.0,76.0,101.0,65.0,2026-09-27 05:58:31
"Saturday, October 10 2026",Morning,"Thunderstorm, Rain, Cloudy",89.0,76.0,101.0,65.0,2026-09-27 11:14:06
"Saturday, October 10 2026",Morning,"Thunderstorm, Rain, Cloudy",89.0,76.0,101.0,65.0,2026-09-27 15:58:46
"Saturday, October 10 2026",Morning,"Thunderstorm, Rain, Cloudy",89.0,76.0,101.0,65.0,2026-09-27 19:30:50
"Saturday, October 10 2026",Morning,"Thunderstorm, Rain, Cloudy",89.0,76.0,101.0,65.0,2026-09-27 22:41:03
"Saturday, October 10 2026",Morning,"Thunderstorm, Rain, Cloudy",89.0,76.0,101.0,65.0,2026-09-28 01:17:43
"Saturday, October 10 2026",All day,"Heavy Rain, Rain",92.0,78.0,109.0,60.0,2026-09-28 07:55:00
"Saturday, October 10 2026",All day,"Heavy Rain, Rain",92.0,78.0,109.0,60.0,2026-09-28 16:14:00
"Saturday, October 10 2026",All day,"Heavy Rain, Rain",92.0,78.0,109.0,60.0,2026-09-28 22:20:45
"Saturday, October 10 2026",All day,"Heavy Rain, Rain",92.0,78.0,109.0,60.0,2026-09-29 02:24:00
"Saturday, October 10 2026",All day,"Heavy Rain, Rain",90.0,76.0,106.0,71.0,2026-09-29 09:14:33
"Saturday, October 10 2026",All day,"Heavy Rain, Rain",89.6,77.0,105.8,71.0,2026-09-29 16:13:21
"Saturday, October 10 2026",All day,"Heavy Rain, Rain",90.0,76.0,106.0,71.0,2026-09-29 21:09:20
"Saturday, October 10 2026",All day,"Heavy Rain, Rain",90.0,76.0,106.0,71.0,2026-09-30 00:52:19
"Saturday, October 10 2026",All day,"Heavy Rain, Rain",90.0,76.0,106.0,71.0,2026-09-30 06:08:49
"Saturday, October 10 2026",All day,"Heavy Rain, Rain",90.0,77.0,105.0,75.0,2026-09-30 13:09:22
"Saturday, October 10 2026",All day,"Heavy Rain, Rain",90.0,77.0,105.0,75.0,2026-09-30 18:41:53
"Saturday, October 10 2026",All day,"Heavy Rain, Rain",90.0,77.0,105.0,75.0,2026-09-30 22:43:18
"Sunday, October 11 2026",All day,Sun,88.0,77.0,100.0,25.0,2026-09-26 18:50:00
"Sunday, October 11 2026",All day,Sun,88.0,77.0,100.0,25.0,2026-09-26 21:42:54
"Sunday, October 11 2026",All day,Sun,88.0,77.0,100.0,25.0,2026-09-27 00:02:12
"Sunday, October 11 2026",All day,Sun,88.0,77.0,100.0,25.0,2026-09-27 05:58:31
"Sunday, October 11 2026",All day,Sun,88.0,77.0,100.0,25.0,2026-09-27 11:14:06
"Sunday, October 11 2026",All day,Sun,88.0,77.0,100.0,25.0,2026-09-27 15:58:46
"Sunday, October 11 2026",All day,Sun,88.0,77.0,100.0,25.0,2026-09-27 19:30:50
"Sunday, October 11 2026",All day,Sun,88.0,77.0,100.0,25.0,2026-09-27 22:41:03
"Sunday, October 11 2026",All day,Sun,88.0,77.0,100.0,25.0,2026-09-28 01:17:43
"Sunday, October 11 2026",All day,Sun,88.0,77.0,100.0,25.0,2026-09-28 07:55:00
"Sunday, October 11 2026",All day,Sun,88.0,77.0,100.0,25.0,2026-09-28 16:14:00
"Sunday, October 11 2026",All day,Sun,88.0,77.0,100.0,25.0,2026-09-28 22:20:45
"Sunday, October 11 2026",All day,Sun,88.0,77.0,100.0,25.0,2026-09-29 02:24:00
"Sunday, October 11 2026",All day,Rain,91.0,77.0,107.0,65.0,2026-09-29 09:14:33
"Sunday, October 11 2026",All day,Rain,91.4,77.0,107.6,65.0,2026-09-29 16:13:21
"Sunday, October 11 2026",All day,Rain,91.0,77.0,107.0,65.0,2026-09-29 21:09:20
"Sunday, October 11 2026",All day,Rain,91.0,77.0,107.0,65.0,2026-09-30 00:52:19
"Sunday, October 11 2026",All day,Rain,91.0,77.0,107.0,65.0,2026-09-30 06:08:49
"Sunday, October 11 2026",All day,Rain,90.0,76.0,103.0,75.0,2026-09-30 13:09:22
"Sunday, October 11 2026",All day,Rain,90.0,76.0,103.0,75.0,2026-09-30 18:41:53
"Sunday, October 11 2026",All day,Rain,90.0,76.0,103.0,75.0,2026-09-30 22:43:18
"Monday, October 12 2026",All day,Sun,90.0,77.0,104.0,25.0,2026-09-27 19:30:50
"Monday, October 12 2026",All day,Sun,90.0,77.0,104.0,25.0,2026-09-27 22:41:03
"Monday, October 12 2026",All day,Sun,90.0,77.0,104.0,25.0,2026-09-28 01:17:43
"Monday, October 12 2026",All day,Sun,90.0,77.0,104.0,25.0,2026-09-28 07:55:00
"Monday, October 12 2026",All day,Sun,90.0,77.0,104.0,25.0,2026-09-28 16:14:00
"Monday, October 12 2026",All day,Sun,90.0,77.0,104.0,25.0,2026-09-28 22:20:45
"Monday, October 12 2026",All day,Sun,90.0,77.0,104.0,25.0,2026-09-29 02:24:00
"Monday, October 12 2026",All day,Sun,90.0,77.0,104.0,25.0,2026-09-29 09:14:33
"Monday, October 12 2026",All day,Sun,89.6,77.0,104.0,25.0,2026-09-29 16:13:21
"Monday, October 12 2026",All day,Sun,90.0,77.0,104.0,25.0,2026-09-29 21:09:20
"Monday, October 12 2026",All day,Sun,90.0,77.0,104.0,25.0,2026-09-30 00:52:19
"Monday, October 12 2026",All day,Sun,90.0,77.0,104.0,25.0,2026-09-30 06:08:49
"Monday, October 12 2026",All day,Rain,91.0,77.0,108.0,75.0,2026-09-30 13:09:22
"Monday, October 12 2026",All day,Rain,91.0,77.0,108.0,75.0,2026-09-30 18:41:53
"Monday, October 12 2026",All day,Rain,91.0,77.0,108.0,75.0,2026-09-30 22:43:18
"Tuesday, October 13 2026",Morning,"Thunderstorm, Rain, Cloudy",89.0,76.0,101.0,65.0,2026-09-28 22:20:45
"Tuesday, October 13 2026",Morning,"Thunderstorm, Rain, Cloudy",89.0,76.0,101.0,65.0,2026-09-29 02:24:00
"Tuesday, October 13 2026",Morning,"Thunderstorm, Rain, Cloudy",89.0,76.0,101.0,65.0,2026-09-29 09:14:33
"Tuesday, October 13 2026",Morning,"Thunderstorm, Rain, Cloudy",89.6,75.2,100.4,65.0,2026-09-29 16:13:21
"Tuesday, October 13 2026",Morning,"Thunderstorm, Rain, Cloudy",89.0,76.0,101.0,65.0,2026-09-29 21:09:20
"Tuesday, October 13 2026",Morning,"Thunderstorm, Rain, Cloudy",89.0,76.0,101.0,65.0,2026-09-30 00:52:19
"Tuesday, October 13 2026",Morning,"Thunderstorm, Rain, Cloudy",89.0,76.0,101.0,65.0,2026-09-30 06:08:49
"Tuesday, October 13 2026",Morning,"Thunderstorm, Rain, Cloudy",89.0,76.0,101.0,65.0,2026-09-30 13:09:22
"Tuesday, October 13 2026",Morning,"Thunderstorm, Rain, Cloudy",89.0,76.0,101.0,65.0,2026-09-30 18:41:53
"Tuesday, October 13 2026",Morning,"Thunderstorm, Rain, Cloudy",89.0,76.0,101.0,65.0,2026-09-30 22:43:18
"Wednesday, October 14 2026",Morning,Thunderstorm,89.0,76.0,104.0,55.0,2026-09-29 21:09:20
"Wednesday, October 14 2026",Morning,Thunderstorm,89.0,76.0,104.0,55.0,2026-09-30 00:52:19
"Wednesday, October 14 2026",Morning,Thunderstorm,89.0,76.0,104.0,55.0,2026-09-30 06:08:49
"Wednesday, October 14 2026",Morning,"Thunderstorm, Rain, Cloudy",90.0,77.0,101.0,65.0,2026-09-30 13:09:22
"Wednesday, October 14 2026",Morning,"Thunderstorm, Rain, Cloudy",90.0,77.0,101.0,65.0,2026-09-30 18:41:53
"Wednesday, October 14 2026",Morning,"Thunderstorm, Rain, Cloudy",90.0,77.0,101.0,65.0,2026-09-30 22:43:18
"Thursday, October 15 2026","Afternoon, Morning","Thunderstorm, Cloudy",89.0,76.0,100.0,58.0,2026-09-30 18:41:53
"Thursday, October 15 2026","Afternoon, Morning","Thunderstorm, Cloudy",89.0,76.0,100.0,58.0,2026-09-30 22:43:18
